galaxy,i,r,v_obs,sigma_v,a_bary,a_dm,v_pred,pull,g,epsilon,theta,omega,order_mode,dt,n_steps
toy1,0,0.2,0.23946065041577397,0.5,0.2488938053097345,0.03781321017799302,0.23946065041577397,0.0,0.5,0.0,0.1,0.05,reverse,0.2,240
toy1,1,0.25349127342900335,0.270891817748711,0.5,0.24821825430155042,0.041013710674432005,0.27077255975843395,-0.0002385159805541326,0.5380618621827139,2.5538483920783655e-08,0.10090223958333334,-0.04022555989583332,reverse,0.2,240
toy1,2,0.3132854298229056,0.30236776706948026,0.5,0.24729510971813953,0.04349609121609469,0.30182883621914003,-0.0010778617006804714,0.5698538669385798,3.746134874099504e-08,0.08420307017527942,-0.12605076754381983,reverse,0.2,240
toy1,3,0.37931177708598446,0.33376857249168074,0.5,0.24605604827345096,0.04529438208607397,0.332434428864457,-0.0026682872544474545,0.5964087747293284,1.3809216844170292e-07,0.050760922576488766,-0.20769023064412218,reverse,0.2,240
toy1,4,0.45146014645940336,0.36494517411429395,0.5,0.24445781728733312,0.046444404509782065,0.36239586043150585,-0.005098627365576203,0.6185890447378719,7.133157594493985e-07,0.0013923614256548603,-0.28534809035641373,reverse,0.2,240
toy1,5,0.5295813477286792,0.3956903057645373,0.5,0.2424404042512144,0.046983021605351345,0.39150127449265293,-0.008378062543768716,0.6371147497534909,2.6430819754293154e-06,-0.06312587296378139,-0.3592185317590547,reverse,0.2,240
toy1,6,0.613483468861187,0.42574810952215264,0.5,0.2399567977107278,0.046948797868394454,0.41953765029084666,-0.012420918462611952,0.6525869180088015,7.45682604913492e-06,-0.14205492234847306,-0.4294862694128818,reverse,0.2,240
toy1,7,0.702931974678981,0.45481665147877365,0.5,0.2369746683441441,0.04638345546526892,0.4462975302538452,-0.017038242449856855,0.665507128400605,1.731643900490599e-05,-0.23469196302490544,-0.4963270092437737,reverse,0.2,240
toy1,8,0.7976512091443425,0.48255630444313063,0.5,0.2334771514174096,0.045333518148377064,0.471586331122408,-0.021939946641445274,0.6762940447564623,3.4724501502155845e-05,-0.3403684484042437,-0.5599078878989392,reverse,0.2,240
toy1,9,0.897327287750936,0.5085953394801701,0.5,0.22945200286840586,0.043851638968856826,0.49521996694628956,-0.026750745067761095,0.6852974215490931,6.19286763009425e-05,-0.4584484372978118,-0.6203878906755471,reverse,0.2,240
toy1,10,1.0016105928321108,0.5325643147717142,0.5,0.22490790903624194,0.041997240150905404,0.5170445094063776,-0.031039610730673184,0.6928099513652828,0.00010011816740281704,-0.588327003733047,-0.6779182490667384,reverse,0.2,240
toy1,11,1.110122311703272,0.554119767562017,0.5,0.2198678510889864,0.03983625210253167,0.5369388413905193,-0.03436185234299538,0.6990771818430047,0.0001486369886342726,-0.7294287243236405,-0.73264281891909,reverse,0.2,240
toy1,12,1.2224615009124655,0.5729856347049131,0.5,0.21437770658488078,0.03743992384585898,0.5548309278082673,-0.03630941379329178,0.7043056312410495,0.0002045252628569529,-0.8812062394115032,-0.7846984401471243,reverse,0.2,240
toy1,13,1.338215333188763,0.5889725918579566,0.5,0.20849129335713826,0.034882853150127104,0.570689946080839,-0.03656529155423516,0.7086692167328688,0.0002626692777908623,-1.043138884382663,-0.8342152789043344,reverse,0.2,240
toy1,14,1.4569675571608802,0.6020111235756669,0.5,0.2022732640847266,0.03224053038077677,0.5845331387038148,-0.034955969743704074,0.7123141700198757,0.00031669199128306645,-1.214731387734668,-0.8813171530663332,reverse,0.2,240
toy1,15,1.5783083154920898,0.6121730761138393,0.5,0.19579547186376517,0.029586730040528877,0.5964248514519364,-0.03149644932380591,0.71536274609081,0.0003604431687658095,-1.3955126326399907,-0.9261218418400025,reverse,0.2,240
toy1,16,1.7018436131814993,0.6196835037235274,0.5,0.18913244789238706,0.026991061976440602,0.6064721056475995,-0.026422796151855943,0.7179161557575257,0.00038966830076465344,-1.5850344789086925,-0.968741380272827,reverse,0.2,240
toy1,17,1.8272037641142507,0.624921108432163,0.5,0.182357565288323,0.024516897494474037,0.6148185074441401,-0.020205201976045695,0.7200572140889392,0.00040324311127520375,-1.7828706424046454,-1.0092823393988388,reverse,0.2,240
toy1,18,1.9540505048953427,0.6284034488486426,0.5,0.1755399742840925,0.022219759451907288,0.6216369580026584,-0.013532981691968482,0.7218531195803082,0.0004033917601318595,-1.9886156291132653,-1.047846092721684,reverse,0.2,240
toy1,19,2.082082560258918,0.6307524889617301,0.5,0.1687423189709947,0.020146153242502258,0.627121514405042,-0.007261949113376076,0.723358528540558,0.00039464323113450517,-2.2018837211953737,-1.0845290697011567,reverse,0.2,240
toy1,20,2.2110395267608416,0.6326403636435775,0.5,0.1620209635054213,0.01833274902054109,0.6314817393978742,-0.002317248491406465,0.7246187099489592,0.0003818785415470945,-2.4223080124917935,-1.1194229968770517,reverse,0.2,240
toy1,21,2.340704601806825,0.6347040655571338,0.5,0.1554213988458068,0.016805813436334558,0.6349275772441839,0.00044702337410029713,0.7256722187496502,0.0003684344202427235,-2.6495394910669368,-1.1526151272332659,reverse,0.2,240
toy1,22,2.4709041382471484,0.637456076064437,0.5,0.14897953022681398,0.015580836803638738,0.6376620514716359,0.0004119508143978212,0.7265524599954879,0.0003554326154867296,-2.883246166497269,-1.1841884583756828,reverse,0.2,240
toy1,23,2.6015058792327306,0.641201051427289,0.5,0.14272323446249802,0.014662344193787308,0.6398746034816287,-0.0026528958913205614,0.7272879176031561,0.00034293886622391566,-3.1231122397224143,-1.2142219400693965,reverse,0.2,240
toy1,24,2.7324158186990832,0.6459792843596589,0.5,0.13667256943043782,0.01404393095646293,0.6417321480151467,-0.008494272689024474,0.7279015693093658,0.0003323409769007048,-3.368837313383098,-1.2427906716542256,reverse,0.2,240
toy1,25,2.8635733207618146,0.6515633792478118,0.5,0.13084269570183005,0.013708587751964898,0.6433764052093968,-0.016373948076830125,0.7284106077218816,0.00032823751832310167,-3.6201356406713603,-1.26996608983216,reverse,0.2,240
toy1,26,2.9949457770790473,0.6574964908060219,0.5,0.12524203861072822,0.013629369699743309,0.6449126591070041,-0.025167663398035556,0.7288274848346978,0.00033809487236885705,-3.876735410814774,-1.2958161472963066,reverse,0.2,240
toy1,27,3.126520923427681,0.6631712190383473,0.5,0.11987198400468657,0.013770469294655302,0.6464022946266506,-0.0335378488233935,0.7291624215215327,0.00036921128396668484,-4.138378069408009,-1.320405482647998,reverse,0.2,240
toy1,28,3.2582978014047326,0.6679336522231413,0.5,0.11473114758218458,0.014088705916873879,0.6478683858881077,-0.040130532670067165,0.7294264429343378,0.00042431226745382085,-4.404817671892211,-1.3437955820269474,reverse,0.2,240
toy1,29,3.390279009110762,0.6711839865875225,0.5,0.10982043264912957,0.014535374752512977,0.6493080035659574,-0.04375196604313025,0.729633461364969,0.0004981727291206696,-4.67582026856557,-1.3660449328586077,reverse,0.2,240
toy1,30,3.5224655286862108,0.6724251261985362,0.5,0.10513477426100486,0.015058345279181375,0.6506735897249611,-0.04350307294715017,0.7298002404606025,0.0005773923081460585,-4.951163319587264,-1.387209170103184,reverse,0.2,240
toy1,31,3.654847420960336,0.6713179360365064,0.5,0.10066608738260674,0.015604342386503803,0.6518824129976077,-0.03887104607779723,0.7299440448882143,0.0006440219575821223,-5.2306351385120085,-1.407341215371998,reverse,0.2,240
toy1,32,3.7873972426763807,0.6677377387824903,0.5,0.09641160875935487,0.01612121396511718,0.6528449299008574,-0.029785617763265826,0.730078711997169,0.0006822081443167049,-5.51403436296373,-1.4264914092590677,reverse,0.2,240
toy1,33,3.920068362025836,0.6617806982055956,0.5,0.09236615882101001,0.0165600324864402,0.6534509287929042,-0.016659538825382736,0.7302099486461288,0.000686777926734888,-5.801169451124801,-1.4447076372187997,reverse,0.2,240
toy1,34,4.052790758706724,0.653779321281416,0.5,0.0885207871126095,0.016877147915432544,0.6535715546659145,-0.00041553323100296247,0.7303336674158655,0.0006675387807336347,-6.09185820278178,-1.462035449304555,reverse,0.2,240
toy1,35,4.185467812004554,0.6443304720031546,0.5,0.08487048883990542,0.017036107402694428,0.6530901763189719,0.017519408631634592,0.7304373972127249,0.0006486784168073489,-6.385927303730018,-1.4785181740674957,reverse,0.2,240
toy1,36,4.317978918343232,0.6342635204406173,0.5,0.0814106055274379,0.01700938666864735,0.651901412367086,0.03527578385293739,0.7305055459570157,0.0006614272448922127,-6.68321189239792,-1.49419702690052,reverse,0.2,240
toy1,37,4.450181929786636,0.6245600220354782,0.5,0.07813446737708954,0.016779878709383623,0.6499123847346946,0.05070472539843274,0.7305273481727947,0.0007312916525644708,-6.983555147607193,-1.5091112130982016,reverse,0.2,240
toy1,38,4.581915819392852,0.6162201009097636,0.5,0.07503456878367787,0.016341898134395568,0.6470543093838015,0.06166841694807568,0.7305044332634653,0.0008645696274561675,-7.286807896438254,-1.5232980258904365,reverse,0.2,240
toy1,39,4.713006053450641,0.6100777130307519,0.5,0.07210462925750603,0.01570141228780608,0.6432965143171495,0.0664376025727953,0.73045400655448,0.0010409436114878234,-7.5928282412202694,-1.5367929396949327,reverse,0.2,240
toy1,40,4.843272301939381,0.6065959647176694,0.5,0.06933812382326013,0.014875351031520663,0.6386460602041073,0.06410019097287578,0.7304041230084395,0.001218752094128449,-7.90148120471311,-1.5496296988217224,reverse,0.2,240
toy1,41,4.9725359191882825,0.6057346388703916,0.5,0.06672833619799891,0.013890154690824618,0.6331495413371381,0.05482980493349299,0.7303814058435438,0.0013536763754472918,-8.212638392593979,-1.5618404018515053,reverse,0.2,240
toy1,42,5.100628214958231,0.6069493307099124,0.5,0.06426835237190781,0.012780051864943144,0.626893343853633,0.03988802628744126,0.7303991279061268,0.0014190020052387193,-8.526177672404758,-1.5734555818988105,reverse,0.2,240
toy1,43,5.227398547170966,0.6093302761595066,0.5,0.06195100422312037,0.011585396562696793,0.6200032859848104,0.02134601965060745,0.7304519389160088,0.0014169242526943693,-8.841982868157286,-1.5845042829606784,reverse,0.2,240
toy1,44,5.352722308867792,0.6118237303791733,0.5,0.059768797666930315,0.010351084582709138,0.6126436631622234,0.0016398655661002959,0.7305200764183638,0.0013749010797095799,-9.159943469832903,-1.595014132541774,reverse,0.2,240
toy1,45,5.476508684953928,0.6134513880153556,0.5,0.057713878625850146,0.009124779266379278,0.6050144547343136,-0.016873866562084006,0.7305798235754707,0.001330671196377882,-9.479954357049873,-1.6050114107375315,reverse,0.2,240
toy1,46,5.598707796618014,0.613465600177537,0.5,0.05577806875343095,0.007954686732318455,0.5973450217738612,-0.032241156807351734,0.7306141296372487,0.0013150225646888984,-9.801915536207702,-1.6145211159480748,reverse,0.2,240
toy1,47,5.7193165157089165,0.6114228135837058,0.5,0.05395296793330985,0.006886860903795439,0.5898832408883642,-0.04307914539068314,0.7306185965398847,0.0013404363020192954,-10.125731890451076,-1.6235670273872311,reverse,0.2,240
toy1,48,5.838382027363918,0.6071922646300655,0.5,0.052230096791330526,0.00596226903129643,0.58288014441102,-0.04862424043809099,0.7306013058766404,0.0013990753726825125,-10.451312941828215,-1.6321717645429463,reverse,0.2,240
toy1,49,5.956002244618496,0.600928994311434,0.5,0.05060104857082151,0.0052139640848691835,0.576571193054859,-0.04871560251314988,0.7305777993071024,0.0014690084702958326,-10.77857262504888,-1.64035684373778,reverse,0.2,240
toy1,50,6.072322415196921,0.5930347911719548,0.5,0.04905763004939216,0.004664689216590103,0.5711560587748234,-0.04375746479426268,0.7305639497620398,0.0015248960800632407,-11.107429072276346,-1.6481427319309134,reverse,0.2,240
toy1,51,6.1875276451654,0.5841172310645913,0.5,0.047591985940382824,0.004325153864646034,0.566779267265073,-0.034675927599036704,0.7305696459686986,0.0015485853115439975,-11.43780440841519,-1.6555488978962025,reverse,0.2,240
toy1,52,6.3018315401869724,0.5749423125588391,0.5,0.04619671311347351,0.004193137892255741,0.5635142876389443,-0.022856049839789616,0.7305955993438257,0.0015355899371831503,-11.769624556383006,-1.6625938609042485,reverse,0.2,240
toy1,53,6.415461686421735,0.5663661410473934,0.5,0.0448651586354282,0.004253524528028233,0.5613546382837172,-0.010023005527352247,0.7306343743758351,0.0014950425782300624,-12.102819051879138,-1.6692952370302154,reverse,0.2,240
toy1,54,6.528643420850003,0.5592279054143356,0.5,0.04359172801868877,0.004479317118327596,0.5602130956762483,0.0019703805238253658,0.7306750110179598,0.0014434055954981636,-12.437320867187244,-1.675669783203189,reverse,0.2,240
toy1,55,6.641583521805323,0.5541951513536332,0.5,0.042370921071456014,0.00483362140255481,0.5599222369666611,0.011454171226055854,0.7307087905559932,0.0013953973531434431,-12.773066243571108,-1.681733439107223,reverse,0.2,240
toy1,56,6.754453974807714,0.5516071071651614,0.5,0.04119773049901755,0.005272458421465712,0.560250615585582,0.01728701684084122,0.7307329045360614,0.0013573781471775284,-13.10999453184461,-1.6875013670388475,reverse,0.2,240
toy1,57,6.8673793015132,0.5513738177957257,0.5,0.040068982299423836,0.0057481303537359465,0.5609309147207061,0.019114193849960825,0.7307501055187702,0.001326819958007754,-13.44804804071718,-1.6929879898207048,reverse,0.2,240
toy1,58,6.980429484481994,0.5529676121666961,0.5,0.03898238587882578,0.006212782253694432,0.5616775624754519,0.01741990061751153,0.7307652372973036,0.001297099608784391,-13.787171892535547,-1.6982070268661131,reverse,0.2,240
toy1,59,7.093616421572677,0.5555308385986367,0.5,0.03793553179296021,0.006621833122809296,0.5622035711986441,0.013345465200014672,0.7307816128387843,0.0012632101012801998,-14.127313886061025,-1.7031715284847437,reverse,0.2,240
toy1,60,7.206893843929219,0.5580691352466881,0.5,0.03692673700917697,0.006937016928712249,0.5622467591961735,0.008355247898970797,0.7307996483604822,0.0012243659206970603,-14.468424365939248,-1.7078939085151879,reverse,0.2,240
toy1,61,7.320162606359679,0.559651629538606,0.5,0.035955795789986846,0.00712883127673691,0.561592802627298,0.003882346177384033,0.7308178881337138,0.001182840462261888,-14.81045609853593,-1.712385975366017,reverse,0.2,240
toy1,62,7.433280525840846,0.5595507084455845,0.5,0.03502205115780457,0.007178248916709713,0.5600773774475515,0.0010533380039339235,0.7308348239592124,0.0011412610841800223,-15.153364153828193,-1.7166589615429515,reverse,0.2,240
toy1,63,7.54607254752798,0.5573357242438878,0.5,0.03412464605399827,0.007077614025008449,0.5575977436094058,0.000524038731036125,0.7308499012778603,0.0011009178646732927,-15.497105793056113,-1.7207235517359718,reverse,0.2,240
toy1,64,7.658343408090281,0.5529171724180253,0.5,0.03326318512125557,0.006830704943356225,0.5541234327124384,0.002412520588826128,0.7308632276189484,0.001062059819686982,-15.841640361853573,-1.7245899095366068,reverse,0.2,240
toy1,65,7.769892310374162,0.5465496779312833,0.5,0.032437887584160774,0.006452030686533355,0.5497003519396235,0.006301348016680475,0.7308746232944305,0.0010253528915165264,-16.186929188591183,-1.7282677028522042,reverse,0.2,240
toy1,66,7.88052841115559,0.5387913867788685,0.5,0.03164797161949563,0.0059654730980403,0.544438995423704,0.011295217289670978,0.7308830881795891,0.0009928248252328838,-16.532935487677076,-1.7317661280807308,reverse,0.2,240
toy1,67,7.990083762485403,0.5304437912379042,0.5,0.0308921333291041,0.005402388373228011,0.5385130161110109,0.016138449746213368,0.7308873845366733,0.0009670495068434652,-16.879624267573774,-1.735093933106556,reverse,0.2,240
toy1,68,8.098426141713244,0.5224563192981144,0.5,0.030170075823695026,0.004799260874095335,0.5321621843684101,0.019411730140591388,0.7308874957740948,0.0009487669430790083,-17.22696224330113,-1.7382594391747168,reverse,0.2,240
toy1,69,8.205472277055467,0.5157534411217242,0.5,0.029480083674805466,0.004195011605593947,0.5256615458168106,0.019816209390172812,0.7308857446409265,0.0009348077750676006,-17.57491775320655,-1.7412705616983621,reverse,0.2,240
toy1,70,8.311194703332907,0.5110616309599325,0.5,0.028820631394469293,0.0036280974130084805,0.5193146473907656,0.016506032861666187,0.730886138411831,0.0009187697997807638,-17.92346067979437,-1.744134830051407,reverse,0.2,240
toy1,71,8.41562745180938,0.508736571826452,0.5,0.028189760969906073,0.003133590557414409,0.5134254152221075,0.009377686791310902,0.7308916609308188,0.0008952326813671253,-18.272562374416452,-1.7468594063958869,reverse,0.2,240
toy1,72,8.518865780582717,0.5086818149610345,0.5,0.02758554379418482,0.0027404688697715653,0.5082747598932059,-0.0008141101356571312,0.7309012237354073,0.000865029111542333,-18.622195585635634,-1.7494511035910911,reverse,0.2,240
toy1,73,8.621061345534423,0.5103818301995467,0.5,0.027005553617813857,0.002469342831985334,0.5040881772537357,-0.012587305891622158,0.7309089696288484,0.0008371383679041318,-18.972334391082963,-1.7519164022292588,reverse,0.2,240
toy1,74,8.72241075120314,0.5130523680690515,0.5,0.0264476855686891,0.0023308212037315185,0.5010169227434679,-0.024070890651167298,0.7309071653427304,0.0008247015266098082,-19.32295413263827,-1.7542614668404324,reverse,0.2,240
toy1,75,8.823140433083047,0.5158189648007268,0.5,0.02590949899293235,0.0023246920492164527,0.49911344660244755,-0.0334110363965584,0.7308910726901102,0.0008371991732581854,-19.67403135477203,-1.7564921613069924,reverse,0.2,240
toy1,76,8.923486589961872,0.5178804788969233,0.5,0.025388963776342238,0.0024400530759550215,0.49832906667512133,-0.03910282444360402,0.730862568476892,0.0008738537953828668,-20.025543745894336,-1.7586140635264162,reverse,0.2,240
toy1,77,9.023674823676597,0.5186054545605053,0.5,0.024884167057859265,0.0026564267725601096,0.498515158422147,-0.040180592276716665,0.7308301596188389,0.0009224369428690538,-20.377470082564297,-1.7606324793589256,reverse,0.2,240
toy1,78,9.123900018983148,0.5175812729641096,0.5,0.024393487796090515,0.002945754726977382,0.4994402020014049,-0.03628214192540946,0.7308053177200065,0.0009642499533481598,-20.7297901764204,-1.7625524558948995,reverse,0.2,240
toy1,79,9.224309811698095,0.5146366689948146,0.5,0.023915817813622325,0.003275032537839822,0.5008161615657055,-0.027641014858218238,0.7307969809734969,0.0009828272552892764,-21.08248482369909,-1.7643787940752274,reverse,0.2,240
toy1,80,9.324993390294667,0.5098522472797019,0.5,0.023450260130327524,0.003609279305192009,0.5023246225108198,-0.01505524953776427,0.7308068379196142,0.0009723020993007247,-21.435535757215355,-1.766116060696161,reverse,0.2,240
toy1,81,9.42597552767716,0.503573099287369,0.5,0.022996383365944225,0.003914542271593216,0.5036484155505384,0.00015063252633873425,0.7308274571000271,0.0009418293848855604,-21.788925600685268,-1.7677685998286827,reverse,0.2,240
toy1,82,9.527217051484753,0.49640233306922815,0.5,0.022554046773044473,0.004160689265096811,0.5044968668966081,0.016189067654759914,0.7308448834578926,0.0009128408775806069,-22.14263782527622,-1.7693405436809442,reverse,0.2,240
toy1,83,9.62862032973376,0.4891546671779012,0.5,0.022123211310233412,0.004323789291656938,0.5046267211076345,0.030944107859466663,0.7308450730887793,0.0009093916160258761,-22.496656708276245,-1.770835822930938,reverse,0.2,240
toy1,84,9.73003906355963,0.4827488331599439,0.5,0.021704223321308027,0.004387901091787681,0.503862471107622,0.04222727589535613,0.7308213667314126,0.0009456278490896461,-22.85096729377904,-1.7722581765552392,reverse,0.2,240
toy1,85,9.831292080947573,0.47802105126703914,0.5,0.021297232153925358,0.004346115596151028,0.5021028198131442,0.04816353709221011,0.7307794754098558,0.0010161296820078768,-23.205555355286425,-1.7736111611783931,reverse,0.2,240
toy1,86,9.932178305510567,0.47551670418692793,0.5,0.02090267944180359,0.004200750797724029,0.4993312980566451,0.047629187739434364,0.7307357530073413,0.0010966225460251264,-23.560407360134683,-1.7748981599663285,reverse,0.2,240
toy1,87,10.032498130287161,0.47701915311820475,0.5,0.02068167157188651,0.003962728906579152,0.49723726903989685,0.040436231843384185,0.7307087291146854,0.0011562706815827727,-23.915510435655865,-1.776122391086033,reverse,0.2,240
toy1,88,10.13240017767925,0.48221800565904804,0.5,0.020642201834862383,0.003650278889023476,0.49612612912743353,0.027816246936770983,0.7307087135496269,0.001174690364569205,-24.270852336989407,-1.7772869157526474,reverse,0.2,240
toy1,89,10.232074325820848,0.48883925121348887,0.5,0.020642201834862383,0.0032875020028174068,0.4948237143286688,0.011968926230359833,0.7307315390194875,0.0011539597984728236,-24.626421416463614,-1.7783946458840953,reverse,0.2,240
toy1,90,10.331478717749986,0.4955445947541559,0.5,0.020642201834862383,0.002902190125106051,0.49320217401870586,-0.004684841470900092,0.7307623566598267,0.0011149274753084165,-24.982206594470412,-1.7794483513823955,reverse,0.2,240
toy1,91,10.430550967662425,0.5014983820423617,0.5,0.020642201834862383,0.002523362234913107,0.4915583350167533,-0.019880094051216934,0.7307845709789212,0.0010841291214130013,-25.33819733176056,-1.780450667059858,reverse,0.2,240
toy1,92,10.529288660231092,0.506088347331968,0.5,0.020642201834862383,0.002178853087513717,0.4901933035126914,-0.031790087638553066,0.7307881356030684,0.0010801087944401562,-25.694383603090042,-1.7814040992274875,reverse,0.2,240
toy1,93,10.627750016724157,0.5089762978146928,0.5,0.020642201834862383,0.001892966297940307,0.4893854651501978,-0.03918166532898992,0.7307734121859448,0.001105704029693328,-26.050755872151733,-1.7823110319620645,reverse,0.2,240
toy1,94,10.726049110898709,0.5100921322457698,0.5,0.020642201834862383,0.0016844024575891918,0.4893631107065974,-0.041458043078344775,0.7307496621949077,0.0011486939375773223,-26.407305067729673,-1.7831737330675792,reverse,0.2,240
toy1,95,10.824345588977152,0.5096034606568022,0.5,0.020642201834862383,0.001564699365045944,0.4902807084192474,-0.038645504475109504,0.7307297691098839,0.0011890795031784089,-26.7640225610163,-1.7839943597459222,reverse,0.2,240
toy1,96,10.922829657551326,0.5078813584086322,0.5,0.020642201834862383,0.0015373584146646105,0.49220276155765313,-0.03135719370195822,0.7307239702699888,0.001208982445176275,-27.120900144035943,-1.7847749639910118,reverse,0.2,240
toy1,97,11.021703888225995,0.5054657343569049,0.5,0.020642201834862383,0.0015977395253659193,0.49509801874370934,-0.0207354312263911,0.7307353764973487,0.0012006689754448861,-27.477930009120602,-1.785517497719847,reverse,0.2,240
toy1,98,11.121163932136266,0.5030190155514148,0.5,0.020642201834862383,0.0017337185731172047,0.49884494483714514,-0.008348141428539346,0.7307591641308527,0.0011692119956946958,-27.83510472938672,-1.786223817653317,reverse,0.2,240
toy1,99,11.22138040674308,0.5012503596882768,0.5,0.020642201834862383,0.0019270275962790812,0.5032473635637847,0.003994007751015882,0.7307857092456027,0.0011286683681826161,-28.19241724016411,-1.7868956899589692,reverse,0.2,240
toy1,100,11.322483987414627,0.5008007941996288,0.5,0.020642201834862383,0.0021551330445075886,0.5080575352530414,0.014513482106825348,0.7308059692196025,0.0010938966328917533,-28.549860821330597,-1.7875347946673479,reverse,0.2,240
toy1,101,11.424555179151067,0.5021043609659785,0.5,0.020642201834862383,0.0023934452691118714,0.5130029448519817,0.021797167772006354,0.7308160506695724,0.0010727524488462154,-28.90742908050821,-1.7881427298729453,reverse,0.2,240
toy1,102,11.52761949260302,0.5052696088526368,0.5,0.020642201834862383,0.002617607355099735,0.5178129293600481,0.025086641014822497,0.7308183187845616,0.0010632622534796003,-29.265115937078914,-1.7887210157302695,reverse,0.2,240
toy1,103,11.631647972705125,0.5100350556735171,0.5,0.020642201834862383,0.0028056127862271566,0.5222420180354714,0.024413924723908575,0.730818741562462,0.001056928197673324,-29.622915606979902,-1.7892710982550224,reverse,0.2,240
toy1,104,11.736562405786584,0.5158258249918147,0.5,0.020642201834862383,0.002939559640916157,0.5260882199772665,0.020524789970903567,0.7308227262929579,0.0010450676184738266,-29.980822588240425,-1.7897943529398916,reverse,0.2,240
toy1,105,11.842244183021288,0.5218916032334989,0.5,0.020642201834862383,0.0030069328131672713,0.5292058457907626,0.014628485114527301,0.7308323422901435,0.0010236031096365246,-30.338831647223998,-1.7902920881939983,reverse,0.2,240
toy1,106,11.948545719264015,0.5274732560697848,0.5,0.020642201834862383,0.003001371131259585,0.531513228953394,0.008079945767218488,0.7308462380580927,0.0009938384497094753,-30.696937805541584,-1.7907655486146015,reverse,0.2,240
toy1,107,12.05530340039593,0.5319464963137807,0.5,0.020642201834862383,0.0029229104298532965,0.5329958517807983,0.0020987109340353527,0.7308614729524747,0.0009600187363008927,-31.055136327603037,-1.7912159180992384,reverse,0.2,240
toy1,108,12.162351132466817,0.5349153338845292,0.5,0.020642201834862383,0.0027777156861314273,0.5337052186214207,-0.002420230526216871,0.7308755681612521,0.0009261670849134813,-31.41342270877565,-1.7916443228060854,reverse,0.2,240
toy1,109,12.269533633878678,0.5362530387655168,0.5,0.020642201834862383,0.0025773432400884606,0.5337536784514664,-0.004998720628100806,0.7308875443201028,0.0008942386244921817,-31.771792664120234,-1.7920518339699394,reverse,0.2,240
toy1,110,12.376718652984428,0.5361009018569712,0.5,0.020642201834862383,0.00233760682895418,0.5333053783072805,-0.005591047099381408,0.7308977322688722,0.000864148293777839,-32.130242117676545,-1.7924394705808622,reverse,0.2,240
toy1,111,12.48380733163284,0.5348354973453409,0.5,0.020642201834862383,0.0020771478548541585,0.5325635964149387,-0.004543801860804386,0.730906916329021,0.0008349635060929872,-32.48876719227125,-1.792808201932187,reverse,0.2,240
toy1,112,12.590741987697337,0.5330099650675703,0.5,0.020642201834862383,0.0018158250193137172,0.5317548511050081,-0.002510227925124342,0.730915574390564,0.000806100054956913,-32.84736419982298,-1.793158950044255,reverse,0.2,240
toy1,113,12.697510672464517,0.531270698465923,0.5,0.020642201834862383,0.0015730440899354486,0.5311104614122606,-0.0003204741073248307,0.7309236855800557,0.000777709230696925,-33.206029632120206,-1.7934925919699483,reverse,0.2,240
toy1,114,12.804147998647654,0.5302524110228346,0.5,0.020642201834862383,0.0013661512970957745,0.5308466922832739,0.0011885625208785111,0.730931051915058,0.0007502368658063452,-33.56476015204889,-1.7938099619877763,reverse,0.2,240
toy1,115,12.910731966983338,0.5304633163343847,0.5,0.020642201834862383,0.0012090157634459778,0.5311451906625801,0.001363748656390884,0.7309376762767122,0.0007238236598564338,-33.92355258524796,-1.7941118536880085,reverse,0.2,240
toy1,116,13.017376866075569,0.5321841923732603,0.5,0.020642201834862383,0.0011109224458017203,0.5321359006644671,-9.658341758633782e-05,0.7309437528815296,0.0006982800084246755,-34.28240391217175,-1.7943990219570616,reverse,0.2,240
toy1,117,13.124222761310655,0.5354109483981018,0.5,0.020642201834862383,0.001075879200223004,0.5338847567150208,-0.0030523833661619815,0.7309492670984052,0.0006737152882155447,-34.64131126053956,-1.7946721848651093,reverse,0.2,240
toy1,118,13.231422548422483,0.5398611565366166,0.5,0.020642201834862383,0.0011024060650390807,0.536388008137171,-0.006946296798891138,0.7309536713240288,0.0006511162123612798,-35.00027189815347,-1.7949320254616319,reverse,0.2,240
toy1,119,13.339127914010465,0.5450425105192025,0.5,0.020642201834862383,0.0011838258490834107,0.5395740682528086,-0.010936884532787738,0.730956109222473,0.0006320713057941897,-35.35928322606642,-1.7951791934833952,reverse,0.2,240
toy1,120,13.447475717035893,0.5503590748375049,0.5,0.020642201834862383,0.0013090208857342274,0.543312556908516,-0.014093035857977831,0.7309561528778384,0.0006175990360597593,-35.718342772083474,-1.7954143069791304,reverse,0.2,240
toy1,121,13.556576231168393,0.55522339416785,0.5,0.020642201834862383,0.0014635692428690622,0.5474290554620058,-0.015588677411688456,0.7309544838465033,0.000606936434362864,-36.077448184580085,-1.7956379538549783,reverse,0.2,240
toy1,122,13.666504384634381,0.559150568451668,0.5,0.020642201834862383,0.0016311325251171461,0.5517233198724592,-0.01485449715841769,0.7309528893274587,0.0005973497899668992,-36.43659722662176,-1.79585069334456,reverse,0.2,240
toy1,123,13.777294678706035,0.5618245485999444,0.5,0.020642201834862383,0.0017949451215606724,0.5559884759309969,-0.011672145337894957,0.7309533938761287,0.0005853911247423563,-36.79578777037059,-1.7960530574073528,reverse,0.2,240
toy1,124,13.888939969104863,0.563136964748246,0.5,0.020642201834862383,0.0019392566688680364,0.5600290363661016,-0.0062158567642889295,0.7309569487539765,0.0005690487320186457,-37.155017791764536,-1.7962455520588654,reverse,0.2,240
toy1,125,14.00139386335096,0.5632011383866896,0.5,0.020642201834862383,0.0020506029045952077,0.5636762342171817,0.0009501916609842009,0.7309624693861426,0.0005495474397029685,-37.51428536545624,-1.7964286586359404,reverse,0.2,240
toy1,126,14.114576187996468,0.5623408047487228,0.5,0.020642201834862383,0.0021188145353036817,0.5667998762111225,0.00891814292479931,0.7309669459992351,0.0005315227951191849,-37.87358865999862,-1.7966028350003465,reverse,0.2,240
toy1,127,14.22838082231549,0.5610491112834504,0.5,0.020642201834862383,0.0021377071651417995,0.5693164500958597,0.01653467762481875,0.7309668459409255,0.0005210131542973706,-38.232925933265314,-1.796768516683672,reverse,0.2,240
toy1,128,14.342685142766092,0.5599134340856848,0.5,0.020642201834862383,0.002105421327715204,0.5711934845279167,0.022560100884463807,0.7309602480695613,0.0005219786902395327,-38.59229552809448,-1.79692611797638,reverse,0.2,240
toy1,129,14.45736032239119,0.5595089580716623,0.5,0.020642201834862383,0.0020244028368751436,0.572450234539654,0.025882552935983405,0.7309484826374398,0.0005332717049092059,-38.951695868145,-1.7970760329637503,reverse,0.2,240
toy1,130,14.572281744088565,0.5602784777447056,0.5,0.020642201834862383,0.0019010376928877122,0.5731548113929155,0.025752667296419673,0.7309360244441758,0.0005482405338621112,-39.311125453954816,-1.7972186365112977,reverse,0.2,240
toy1,131,14.687338811502984,0.562430561231694,0.5,0.020642201834862383,0.0017449857018079142,0.5734180049385732,0.021974887413758415,0.730928311169952,0.0005578251386572087,-39.670582859191484,-1.7973542852021311,reverse,0.2,240
toy1,132,14.802443492967301,0.5658912323487668,0.5,0.020642201834862383,0.00156828463511858,0.5733842262595021,0.014985987821470648,0.7309286141147039,0.0005556304267490771,-40.03006672708562,-1.7974833182285974,reverse,0.2,240
toy1,133,14.9175370217372,0.5703281721427775,0.5,0.020642201834862383,0.0013843094551198914,0.5732201127211283,0.005783881156701476,0.7309359634045202,0.0005417984654387336,-40.38957576703826,-1.7976060582404376,reverse,0.2,240
toy1,134,15.032594286025178,0.575237750934601,0.5,0.020642201834862383,0.0012066669452194792,0.5731013697240415,-0.004272762421119181,0.7309455613574833,0.000523083737277822,-40.749108751393685,-1.7977228121515807,reverse,0.2,240
toy1,135,15.14762555902058,0.5800619392634146,0.5,0.020642201834862383,0.0010480980113666335,0.5731985173860439,-0.013726843754741536,0.7309514597708215,0.0005090486705685719,-41.10866451236966,-1.797833871907587,reverse,0.2,240
toy1,136,15.262675355456775,0.5842980685616475,0.5,0.020642201834862383,0.0009194606885997,0.5736624924287108,-0.021271152265873283,0.7309498332381106,0.000506766533277717,-41.46824193913734,-1.797939515215665,reverse,0.2,240
toy1,137,15.377818394974652,0.5875777732536689,0.5,0.020642201834862383,0.0008288738279426328,0.5746114359176778,-0.025932674671982126,0.7309409537702772,0.0005171134208829727,-41.82783997504367,-1.798040006239083,reverse,0.2,240
toy1,138,15.493152921832339,0.589709623634677,0.5,0.020642201834862383,0.0007811005273791378,0.5761202127931807,-0.027178821682992682,0.7309288986320578,0.0005345179413252013,-42.18745761496914,-1.7981355962577161,reverse,0.2,240
toy1,139,15.608791940746343,0.5906917808040525,0.5,0.020642201834862383,0.0007772319089636125,0.5782140475602279,-0.024955466487649236,0.7309193250617727,0.0005500173951693328,-42.5470939028145,-1.7982265242963753,reverse,0.2,240
toy1,140,15.724853203789912,0.5907032598943812,0.5,0.020642201834862383,0.000814698729990903,0.5808671204248307,-0.019672278939101062,0.7309165767088436,0.0005558407849972326,-42.906747929110026,-1.7983130177224949,reverse,0.2,240
toy1,141,15.841448948279371,0.5900781522385256,0.5,0.020642201834862383,0.0008876013474202421,0.5840062311128478,-0.012143842251355563,0.7309216065638536,0.000549142822941821,-43.26641882874133,-1.7983952928146691,reverse,0.2,240
toy1,142,15.95867640239424,0.5892616775460623,0.5,0.020642201834862383,0.0009873170996463265,0.5875189302612159,-0.0034854945696927153,0.7309317253181532,0.0005330449807895884,-43.62610577878616,-1.7984735553034612,reverse,0.2,240
toy1,143,16.07660995099544,0.5887450662493421,0.5,0.020642201834862383,0.0011033210789291542,0.5912649914086411,0.005039850318597994,0.7309422427637523,0.0005145372361885592,-43.98580799645666,-1.798548000885837,reverse,0.2,240
toy1,144,16.195295625357133,0.5889810488488183,0.5,0.020642201834862383,0.001224139636517026,0.595089795219172,0.012217492740707492,0.7309490630666952,0.0005004740545597126,-44.34552473714197,-1.7986188157145093,reverse,0.2,240
toy1,145,16.314748292490115,0.5902925278894308,0.5,0.020642201834862383,0.0013383448045598471,0.5988381131437053,0.017091170508549025,0.7309507493576148,0.0004939875441431829,-44.70525529254635,-1.7986861768634161,reverse,0.2,240
toy1,146,16.43495161587242,0.5927980037770788,0.5,0.020642201834862383,0.0014354956792431673,0.6023669068219066,0.01913780608965565,0.7309489001090227,0.0004933622262845739,-45.06499898891802,-1.7987502527704986,reverse,0.2,240
toy1,147,16.555860582602662,0.5963795714729228,0.5,0.020642201834862383,0.001506944564569801,0.60555609138432,0.01835303982279446,0.730946771770801,0.0004937918225167405,-45.42475518536448,-1.7988112036588824,reverse,0.2,240
toy1,148,16.677406182721004,0.6007076759518251,0.5,0.020642201834862383,0.0015464501104498856,0.6083166618949338,0.01521797188621754,0.7309471989373804,0.0004905743340319728,-45.784523272249935,-1.79886918193752,reverse,0.2,240
toy1,149,16.799501707878687,0.6053161671573769,0.5,0.020642201834862383,0.001550567403489963,0.6105959914069677,0.010559648499181673,0.7309511718819077,0.0004815890499565838,-46.14430266967085,-1.7989243325822917,reverse,0.2,240
toy1,150,16.922050099430606,0.6097037597245882,0.5,0.020642201834862383,0.0015188061113081718,0.612380344817645,0.005353170186113587,0.7309577721155333,0.00046775268911668775,-46.50409282600593,-1.798976793498521,reverse,0.2,240
toy1,151,17.044951785330024,0.6134331799278485,0.5,0.020642201834862383,0.0014535605933842153,0.6136947166544372,0.0005230734531773695,0.7309651712241496,0.0004516942055486326,-46.86389321653677,-1.79902669586581,reverse,0.2,240
toy1,152,17.168112466978638,0.6162066441295969,0.5,0.020642201834862383,0.0013598258408765505,0.6146001022117248,-0.003213083835744257,0.7309718319858345,0.0004358980596702049,-47.223703342135785,-1.7990741644660566,reverse,0.2,240
toy1,153,17.291450339542504,0.6179083016867538,0.5,0.020642201834862383,0.0012447250145885028,0.6151883522161968,-0.005439898941113963,0.7309771719872562,0.0004215259995282718,-47.58352272801812,-1.7991193179954736,reverse,0.2,240
toy1,154,17.41490226038445,0.6186136292943731,0.5,0.020642201834862383,0.0011168877159781405,0.6155748677478966,-0.006077523092953063,0.7309814789115995,0.00040837589272256795,-47.943350922554444,-1.7991622693613918,reverse,0.2,240
toy1,155,17.538428433230955,0.61856987848698,0.5,0.020642201834862383,0.000985729245662301,0.6158895366984518,-0.005360683577056324,0.7309853647357322,0.0003956356015538445,-48.30318749614167,-1.7992031259645866,reverse,0.2,240
toy1,156,17.662015257830426,0.6181521166773757,0.5,0.020642201834862383,0.0008606873628177178,0.6162664659843686,-0.0037713013860141142,0.7309892365068511,0.00038271414511886385,-48.66303204012867,-1.7992419899678362,reverse,0.2,240
toy1,157,17.785676107667364,0.6177993627031004,0.5,0.020642201834862383,0.0007504746168902619,0.6168332144486022,-0.0019322965089965116,0.7309931150673603,0.0003695883548275523,-49.02288416579449,-1.7992789585513815,reverse,0.2,240
toy1,158,17.90944994121205,0.6179373934799001,0.5,0.020642201834862383,0.0006624026722108423,0.6177003706788174,-0.0004740456021652406,0.7309968081766404,0.0003565872326843804,-49.382743503376304,-1.7993141241559274,reverse,0.2,240
toy1,159,18.033397822718534,0.6188994483065334,0.5,0.020642201834862383,0.0006018307705499931,0.6189524144328101,0.00010593225255339789,0.7310001795361503,0.0003439804849483074,-49.74260970114484,-1.7993475747137926,reverse,0.2,240
toy1,160,18.15759761739489,0.6208608782185899,0.5,0.020642201834862383,0.000571782525766072,0.6206407913455252,-0.0004401737461294797,0.7310032358721889,0.0003318196323752831,-50.102482424524865,-1.7993793938687863,reverse,0.2,240
toy1,161,18.282137311749775,0.623804484910716,0.5,0.020642201834862383,0.0005727622839323644,0.6227799668290962,-0.0020490361632397036,0.7310059795886057,0.0003201552334252892,-50.462361355258565,-1.7994096611853612,reverse,0.2,240
toy1,162,18.407107561925272,0.6275268559023776,0.5,0.020642201834862383,0.0006027846068156618,0.6253469041928742,-0.0043599034190067165,0.7310082331781863,0.00030933028592551457,-50.82224619060975,-1.799438452347566,reverse,0.2,240
toy1,163,18.532594159623063,0.631684024821207,0.5,0.020642201834862383,0.0006576103541311607,0.6282839922955302,-0.006800065051353554,0.7310096836063668,0.0002999402133703972,-51.18213664260683,-1.7994658393482952,reverse,0.2,240
toy1,164,18.658671107533312,0.6358632278558248,0.5,0.020642201834862383,0.0007311633085173877,0.6315050203058877,-0.008716415099874197,0.7310101752992287,0.00029237030591604425,-51.542032437322774,-1.7994918906693085,reverse,0.2,240
toy1,165,18.78539491292384,0.6396622133739448,0.5,0.020642201834862383,0.0008160847020018237,0.6349034467930309,-0.009517533161827796,0.7310100096685219,0.0002862688873650489,-51.901933314190124,-1.7995166714524706,reverse,0.2,240
toy1,166,18.912800555170637,0.6427597265202046,0.5,0.020642201834862383,0.0009043713024488963,0.6383619979238783,-0.008795457192652734,0.731009942796284,0.0002804701372190607,-52.261839025349445,-1.7995402436626406,reverse,0.2,240
toy1,167,19.04089938840838,0.6449670209614254,0.5,0.020642201834862383,0.000988037670298274,0.6417625839552664,-0.006408874012318044,0.7310107764107132,0.00027359650014000355,-52.62174933502955,-1.7995626662426156,reverse,0.2,240
toy1,168,19.16967903764813,0.6462560556670117,0.5,0.020642201834862383,0.001059745612964862,0.6449956333703006,-0.002520844593422167,0.7310127552619557,0.0002650576559220169,-52.981664018957936,-1.799583995260519,reverse,0.2,240
toy1,169,19.299105166677986,0.646763084585986,0.5,0.020642201834862383,0.0011133525174498657,0.6479681561656044,0.0024101431592369327,0.7310151855624977,0.00025578730636201453,-53.341582863800014,-1.7996042840499995,reverse,0.2,240
toy1,170,19.42912485889476,0.6467671672538777,0.5,0.020642201834862383,0.0011443420663965127,0.6506100842296799,0.007685833951604382,0.7310166233373996,0.00024809465227363243,-53.701505666625636,-1.7996235833435934,reverse,0.2,240
toy1,171,19.559671262389433,0.6466439486687288,0.5,0.020642201834862383,0.0011501127017173015,0.6528786321990399,0.012469367060622183,0.7310156539110819,0.00024449330323627634,-54.061432234401686,-1.7996419413995817,reverse,0.2,240
toy1,172,19.690669099726293,0.6467981481648309,0.5,0.020642201834862383,0.0011301098200457791,0.6547605549610566,0.015924813592451237,0.7310118631539664,0.0002460706792488586,-54.42136238350936,-1.799659404122662,reverse,0.2,240
toy1,173,19.822040618455027,0.64758425756435,0.5,0.020642201834862383,0.001085798032525862,0.6562722727109193,0.0173760302931385,0.7310063623971864,0.00025143178649925097,-54.78129593928508,-1.7996760151787328,reverse,0.2,240
toy1,174,19.953711553110477,0.6492319146029543,0.5,0.020642201834862383,0.001020481331137924,0.6574579312479181,0.016452033289927614,0.7310014033189355,0.00025707320634531933,-55.141232735583685,-1.7996918161040822,reverse,0.2,240
toy1,175,20.08561668384961,0.651795775531323,0.5,0.020642201834862383,0.0009389911212189768,0.6583855779830277,0.013179604903409414,0.7309991850253711,0.00025917928545485843,-55.501172614363014,-1.7997068464092498,reverse,0.2,240
toy1,176,20.217704614048525,0.6551452912141875,0.5,0.020642201834862383,0.0008472718802626287,0.6591417388420775,0.007992895255779953,0.7310005521585864,0.00025581587832050986,-55.86111542528872,-1.7997211436778233,reverse,0.2,240
toy1,177,20.34994144727295,0.6589977018117349,0.5,0.020642201834862383,0.0007518991027058767,0.6598247505183186,0.0016540974131673547,0.7310044356065392,0.0002481142210490478,-56.221061025358345,-1.7997347436604174,reverse,0.2,240
toy1,178,20.482313115863636,0.6629834207871987,0.5,0.020642201834862383,0.0006595648679426564,0.6605372476461346,-0.0048923462821282016,0.7310084285018945,0.00023965036856037937,-56.58100927854374,-1.7997476803640686,reverse,0.2,240
toy1,179,20.614826194275796,0.6667241721663516,0.5,0.020642201834862383,0.0005765660421287461,0.6613782668343847,-0.010691810663933765,0.7310101475395279,0.00023439974365827547,-56.94096005545093,-1.799759986137271,reverse,0.2,240
toy1,180,20.747507123889157,0.6699043498029938,0.5,0.020642201834862383,0.0005083307677396333,0.6624355258034816,-0.014937647999024417,0.7310085468286449,0.0002345229297548126,-57.30091323299656,-1.7997716917508644,reverse,0.2,240
toy1,181,20.880399888900197,0.6723228031585284,0.5,0.020642201834862383,0.00045901902956339277,0.6637785246550346,-0.017088557006987637,0.7310044308177199,0.00023925924616382516,-57.66086869410011,-1.7997828264749762,reverse,0.2,240
toy1,182,21.013562313184536,0.6739203515038371,0.5,0.020642201834862383,0.00043122958702153743,0.6654531270768654,-0.01693444885394335,0.7309999330412384,0.0002454670767099746,-58.020826327391156,-1.799793418152214,reverse,0.2,240
toy1,183,21.14706127968,0.6747837217576039,0.5,0.020642201834862383,0.0004258369579678102,0.6674781699761091,-0.014611103562989669,0.7309973213436775,0.00024939263041054806,-58.38078602693087,-1.7998034932672846,reverse,0.2,240
toy1,184,21.280967282789042,0.6751283908527668,0.5,0.020642201834862383,0.00044196982344950835,0.6698444351080655,-0.010567911489402615,0.7309978247474165,0.00024862041116770596,-58.74074769194713,-1.799813077013221,reverse,0.2,240
toy1,185,21.415348789636397,0.6752626278850671,0.5,0.020642201834862383,0.0004771290121111449,0.672516049095979,-0.005493157578176255,0.7310011113587694,0.00024314278032987064,-59.100711226582504,-1.7998221933543774,reverse,0.2,240
toy1,186,21.55026689763269,0.6755353731534239,0.5,0.020642201834862383,0.0005274312581357352,0.67543411468408,-0.0002025169386878911,0.7310056481328618,0.00023504103960422128,-59.4606765396546,-1.7998308650863528,reverse,0.2,240
toy1,187,21.685770734681846,0.6762732093728638,0.5,0.020642201834862383,0.0005879548952790356,0.6785221525574604,0.004497886369193127,0.731009665101224,0.0002270824818594862,-59.820643544428044,-1.7998391138929917,reverse,0.2,240
toy1,188,21.821893962704117,0.6777163625020959,0.5,0.020642201834862383,0.0006531556312360655,0.6816927698920385,0.007952814779885298,0.7310121155653443,0.00022114570745769216,-60.180612158397594,-1.7998469604006049,reverse,0.2,240
toy1,189,21.95865262713448,0.6799678665183967,0.5,0.020642201834862383,0.0007173152337037656,0.6848548865212205,0.009774040005647633,0.7310130752149884,0.00021741236878130847,-60.54058230308183,-1.7998544242295462,reverse,0.2,240
toy1,190,22.096044460431536,0.6829700787522656,0.5,0.020642201834862383,0.0007749846943797073,0.6879208571976057,0.009901556890680174,0.7310134276619126,0.00021468636264187704,-60.90055390382692,-1.799861524043274,reverse,0.2,240
toy1,191,22.234049615060496,0.6865166147419002,0.5,0.020642201834862383,0.0008213868536564713,0.690812923893133,0.008592618302465604,0.7310141556257045,0.00021143652870570559,-61.26052688961994,-1.7998682775950188,reverse,0.2,240
toy1,192,22.37263268838516,0.6902973360453589,0.5,0.020642201834862383,0.0008527503643930992,0.6934685791067535,0.006342486122789204,0.7310157556023381,0.0002067652093442211,-61.62050119291131,-1.7998747017721757,reverse,0.2,240
toy1,193,22.51174581849149,0.6939642454926875,0.5,0.020642201834862383,0.0008665549102885649,0.6958445693677594,0.0037606477501437308,0.7310181066855685,0.00020072237525636233,-61.980476749445884,-1.7998808126385322,reverse,0.2,240
toy1,194,22.65133257619572,0.6972015527307219,0.5,0.020642201834862383,0.000861675159911536,0.6979193860942883,0.0014356667271326895,0.7310207486366391,0.00019395448128876823,-62.34045349810227,-1.7998866254744355,reverse,0.2,240
toy1,195,22.791332348268043,0.6997847613445297,0.5,0.020642201834862383,0.0008384179840136818,0.6996941798663168,-0.00018116295642589542,0.731023267094325,0.00018711894324535742,-62.70043138074001,-1.7998921548150013,reverse,0.2,240
toy1,196,22.93168489450222,0.701618941107387,0.5,0.020642201834862383,0.0007984545761967351,0.7011921111576317,-0.0008536598995105837,0.7310254991453625,0.00018052715133574907,-63.06041034205417,-1.79989741448646,reverse,0.2,240
toy1,197,23.072334764378486,0.7027520234917531,0.5,0.020642201834862383,0.0007446562426360646,0.7024562257694754,-0.0005915954445554483,0.7310274821509971,0.0001741807203515671,-63.4203903294371,-1.7999024176407281,reverse,0.2,240
toy1,198,23.21323527734087,0.7033630641461315,0.5,0.020642201834862383,0.0006808489386363208,0.7035460144410675,0.00036590058987195917,0.7310292782452767,0.00016802767802723184,-63.78037129284682,-1.7999071767882964,reverse,0.2,240
toy1,199,23.35435180329822,0.7037280242340257,0.5,0.020642201834862383,0.0006115063551541225,0.7045328794274162,0.001609710386780927,0.7310308671003443,0.00016213864210616532,-64.14035318468197,-1.7999117038295112,reverse,0.2,240
toy1,200,23.4956641252529,0.7041679273205056,0.5,0.020642201834862383,0.0005414044275918089,0.7054947892821234,0.002653723923235596,0.7310321936587573,0.00015664402515569437,-64.50033595966269,-1.7999160100843323,reverse,0.2,240
toy1,201,23.637167722998303,0.7049872169439471,0.5,0.020642201834862383,0.00047526199450092957,0.7065104630640728,0.0030464922402515526,0.731033290768057,0.00015153646887625474,-64.86031957471747,-1.7999201063206387,reverse,0.2,240
toy1,202,23.7788738858994,0.7064134601138641,0.5,0.020642201834862383,0.000417393225374517,0.7076534851362517,0.0024800500447752505,0.7310343147782636,0.00014659504517983523,-65.2203039888754,-1.7999240027811536,reverse,0.2,240
toy1,203,23.920808643781342,0.7085514352483571,0.5,0.020642201834862383,0.00037139701338012707,0.7089867960448862,0.0008707215930583434,0.7310354117145723,0.00014158523803520592,-65.58028916316378,-1.7999277092090569,reverse,0.2,240
toy1,204,24.063010594614397,0.7113629155775688,0.5,0.020642201834862383,0.0003399061645791354,0.7105580110644766,-0.001609809026184461,0.7310365089854022,0.00013660772081191373,-65.94027506051061,-1.7999312348723477,reverse,0.2,240
toy1,205,24.20552779821082,0.7146773819943323,0.5,0.020642201834862383,0.00032441468542953033,0.7123959706626309,-0.004562822663402688,0.7310372388538906,0.0001322653766442806,-66.30026164565193,-1.79993458858702,reverse,0.2,240
toy1,206,24.34841398579615,0.7182304129080599,0.5,0.020642201834862383,0.00032519520098234326,0.7145088265608077,-0.007443172694504341,0.7310371250441365,0.00012940503046470538,-66.66024888504359,-1.7999377787391062,reverse,0.2,240
toy1,207,24.491724395464065,0.7217193097877549,0.5,0.020642201834862383,0.0003413112193174865,0.7168838250174123,-0.009670969540685137,0.731035948325917,0.00012852662713140582,-67.02023674677741,-1.7999408133056476,reverse,0.2,240
toy1,208,24.63551157495157,0.7248625660032865,0.5,0.020642201834862383,0.00037072116340511243,0.7194887822248411,-0.010747567556890658,0.7310340301048356,0.00012926385295436622,-67.38022520050144,-1.7999436998746403,reverse,0.2,240
toy1,209,24.77982149105305,0.7274513416044789,0.5,0.020642201834862383,0.0004104634013486223,0.7222750767292243,-0.010352529750509154,0.7310321888189283,0.0001303613220342823,-67.74021421734396,-1.7999464456640093,reverse,0.2,240
toy1,210,24.924690248835734,0.7293851031245001,0.5,0.020642201834862383,0.0004569048234464172,0.725181837876194,-0.00840653049661233,0.7310313320951372,0.00013026929523528272,-68.10020376984137,-1.7999490575396577,reverse,0.2,240
toy1,211,25.070141658627847,0.730687543268416,0.5,0.020642201834862383,0.0005060308988434929,0.7281409138783761,-0.0050932587800798235,0.7310319043663203,0.00012805348304902237,-68.46019383186946,-1.7999515420326344,reverse,0.2,240
toy1,212,25.216185804765455,0.7315015666697383,0.5,0.020642201834862383,0.0005537531903256161,0.731082170637879,-0.0008387920637187296,0.7310335398187016,0.00012405972577039746,-68.82018437857813,-1.7999539053554652,reverse,0.2,240
toy1,213,25.362818679921695,0.7320638652485261,0.5,0.020642201834862383,0.0005962107438172699,0.7339386944986755,0.003749658500298958,0.7310351797543349,0.00011986236049592037,-69.18017538632924,-1.7999561534176876,reverse,0.2,240
toy1,214,25.510022863326203,0.7326616223478691,0.5,0.020642201834862383,0.0006300437694168233,0.7366515266524959,0.007979808609253514,0.7310356404273254,0.00011743601677467501,-69.54016683263748,-1.7999582918406274,reverse,0.2,240
toy1,215,25.65776914671414,0.7335771049873022,0.5,0.020642201834862383,0.0006526209562001912,0.739173624524895,0.01119303907518554,0.7310343189342714,0.00011799360452751665,-69.90015869611418,-1.7999603259714554,reverse,0.2,240
toy1,216,25.806018950996386,0.7350299831759458,0.5,0.020642201834862383,0.0006622056311116221,0.7414728200053419,0.012885673658792118,0.7310315982658474,0.00012120179149064023,-70.26015095641377,-1.7999622608965575,reverse,0.2,240
toy1,217,25.95472733083462,0.737130265043423,0.5,0.020642201834862383,0.0006580511065240146,0.7435336288100842,0.012806727533322348,0.7310286718154617,0.00012529763572895173,-70.62014359418298,-1.7999641014542538,reverse,0.2,240
toy1,218,26.10384633554086,0.7398542427761257,0.5,0.020642201834862383,0.0006404217397668528,0.7453578572801665,0.011007229008081598,0.7310268758793451,0.0001280631981891029,-70.98013659101241,-1.7999658522468966,reverse,0.2,240
toy1,219,26.25332848446175,0.7430505580904622,0.5,0.020642201834862383,0.0006105423213211868,0.7469640376407101,0.0078269591004958,0.7310269469977566,0.00012804819681390628,-71.34012992939049,-1.7999675176523793,reverse,0.2,240
toy1,220,26.403130121680647,0.7464749104769257,0.5,0.020642201834862383,0.0005704831093144469,0.7483857834107466,0.0038217458676417237,0.7310286659251796,0.0001252789488356312,-71.70012359265968,-1.7999691018350825,reverse,0.2,240
toy1,221,26.553214433599585,0.7498437661394263,0.5,0.020642201834862383,0.0005229907802017649,0.7496691924017131,-0.000349147475426248,0.7310310784345216,0.00012106259903338376,-72.06011756497486,-1.7999706087562877,reverse,0.2,240
toy1,222,26.703553938819738,0.7528932019885985,0.5,0.020642201834862383,0.0004712775657674181,0.7508694533744713,-0.004047497228254482,0.7310331036061039,0.00011709821295422791,-72.42011183126368,-1.7999720421840824,reverse,0.2,240
toy1,223,26.854132291409314,0.7554297896646017,0.5,0.020642201834862383,0.0004187828505217029,0.7520468528812881,-0.0067658735666271674,0.7310341237907788,0.00011450577573040728,-72.78010637718889,-1.799973405702782,reverse,0.2,240
toy1,224,27.00494527853667,0.7573645676485066,0.5,0.020642201834862383,0.00036892358927538923,0.7532624325686972,-0.008204270159618776,0.7310342185107959,0.00011334529318151323,-73.14010118911244,-1.7999747027218937,reverse,0.2,240
toy1,225,27.15600094413064,0.7587260385932506,0.5,0.020642201834862383,0.0003248512739385033,0.7545735974828659,-0.008304882220769416,0.7310339689315172,0.0001128159542771864,-73.50009625406146,-1.7999759364846402,reverse,0.2,240
toy1,226,27.30731883087053,0.759651964517716,0.5,0.020642201834862383,0.0002892329899422989,0.756030002280682,-0.007243924474068075,0.7310340243089865,0.00011189304874115938,-73.86009155969573,-1.7999771100760706,reverse,0.2,240
toy1,227,27.458928398513006,0.7603622371936203,0.5,0.020642201834862383,0.0002640721552603604,0.7576700341009107,-0.005384406185419133,0.7310347278913434,0.00010994604959088974,-74.22008709427692,-1.7999782264307747,reverse,0.2,240
toy1,228,27.610866740392456,0.7611170384357154,0.5,0.020642201834862383,0.00025058124212856686,0.7595181692196203,-0.003197738432190178,0.7310360092352525,0.00010697811760788882,-74.58008284663914,-1.7999792883402201,reverse,0.2,240
toy1,229,27.76317577520018,0.7621666779270792,0.5,0.020642201834862383,0.00024911468943213734,0.7615834116098728,-0.001166532634412798,0.7310375465428127,0.00010343077240823251,-74.94007880616108,-1.7999802984597337,reverse,0.2,240
toy1,230,27.915899132403567,0.7637018799527923,0.5,0.020642201834862383,0.00025916564829500503,0.7638589309480656,0.00031410199054660026,0.7310390299124515,9.978742085424639e-05,-75.30007496273946,-1.7999812593151399,reverse,0.2,240
toy1,231,28.069078972620314,0.765814778906361,0.5,0.020642201834862383,0.00027942533791392777,0.7663229119296756,0.0010162660466292994,0.7310403259720478,9.629258395605093e-05,-75.66007130676371,-1.7999821733090773,reverse,0.2,240
toy1,232,28.22275298594696,0.7684799150456436,0.5,0.020642201834862383,0.0003078989298625524,0.7689405171491033,0.0009212042069193238,0.731041460677903,9.294589596248007e-05,-76.020067829092,-1.7999830427270067,reverse,0.2,240
toy1,233,28.376951790960327,0.7715603396405424,0.5,0.020642201834862383,0.0003420675635238195,0.7716667681626114,0.0002128570441379818,0.7310424940508483,8.968179605116959e-05,-76.38006452102832,-1.7999838697429258,reverse,0.2,240
toy1,234,28.531696917364407,0.7748375520661566,0.5,0.020642201834862383,0.00037908285994618456,0.7744500782658035,-0.0007749476007061773,0.7310434281644992,8.651809041673221e-05,-76.74006137430081,-1.7999846564248045,reverse,0.2,240
toy1,235,28.686999501427813,0.7780578582181973,0.5,0.020642201834862383,0.0004159784135164471,0.7772361329005623,-0.0016434506352700495,0.7310442245353239,8.353883027028994e-05,-77.100058381041,-1.7999854047397574,reverse,0.2,240
toy1,236,28.842859762170267,0.7809842362254442,0.5,0.020642201834862383,0.00044988220015503336,0.7799718084097128,-0.0020248556314628186,0.7310448846628277,8.076778328370455e-05,-77.46005553376418,-1.7999861165589612,reverse,0.2,240
toy1,237,28.999267264194824,0.7834427535649224,0.5,0.020642201834862383,0.00047821457398679383,0.7826088423799613,-0.001667822369922245,0.7310454848687631,7.81026382757518e-05,-77.82005282535069,-1.7999867936623348,reverse,0.2,240
toy1,238,29.15620191566127,0.7853550966011753,0.5,0.020642201834862383,0.0004988584531160325,0.7851070133857337,-0.0004961664308831271,0.731046105922562,7.541815355600044e-05,-78.18005024902807,-1.799987437742989,reverse,0.2,240
toy1,239,29.313635601546462,0.786752234889227,0.5,0.020642201834862383,0.0005102911983280124,0.7874366468733809,0.0013688239683078418,0.731046709119707,7.277163649140605e-05,-78.54004779835418,-1.7999880504114605,reverse,0.2,240
