t_s,h_plus_proxy,h_cross_proxy
0.0,0.4396965987980366,6.464189496822656
0.000244140625,0.6369472499936819,0.9279855478089303
0.00048828125,0.7708471426740289,-4.693397026043385
0.000732421875,0.6263875467702746,4.2716423145029685
0.0009765625,0.4714188743382692,1.8174710329622028
0.001220703125,0.3385308906435966,-5.29306030413136
0.00146484375,0.2355037489905953,0.8612360998522489
0.001708984375,0.1601042728871107,-1.3314670368563384
0.001953125,0.1069522192701697,1.70038693677634
0.002197265625,0.0704568522050976,4.727069721091539
0.00244140625,0.0458836928009986,0.15502306586131448
0.002685546875,0.0295867593958973,-1.1782222012989223
0.0029296875,0.0189089197665452,-2.07656687987037
0.003173828125,0.0119823506101965,0.23753704177215687
0.00341796875,0.0075271511450409,0.2840135414153337
0.003662109375,0.0046827420592308,-0.2645276947878302
0.00390625,0.0028789415955543,4.324797769309953
0.004150390625,0.0017423769459128,-0.44209103076718753
0.00439453125,0.0010308641940355,-7.857003362849355
0.004638671875,0.0005885530263185,2.408930519130081
0.0048828125,0.0003158273175358,6.148500013165176
0.005126953125,0.0001494102180004,-4.219906007871032
0.00537109375,-0.4560124780982733,-3.9630240502301604
0.005615234375,-4.811727585271001,-2.1923828446306293
0.005859375,-9.66774634178728,-8.02337992237881
0.006103515625,-6.450960668735206,-8.815646893111989
0.00634765625,-0.0484603308141231,-0.28129097237251693
0.006591796875,2.7785467756912112,4.524776604957879
0.0068359375,3.304811175912618,4.199753962224349
0.007080078125,2.939421769231558,3.0703890074510127
0.00732421875,2.322443070821464,1.4566041161306202
0.007568359375,1.7199541851878166,2.6440008031204343
0.0078125,1.222762900404632,0.8953448089305311
0.008056640625,0.8451680336147547,-1.9342477761674672
0.00830078125,0.5722858170047402,0.8778760312125087
0.008544921875,0.3814838612452149,4.135877983644605
0.0087890625,0.2511792806908488,1.7500265475828198
0.009033203125,0.1637467090040445,-3.976273171370849
0.00927734375,0.1058790320530533,-3.262889339355752
0.009521484375,0.0679956525564193,4.571813414804638
0.009765625,0.0434153582900762,3.0483858480583876
0.010009765625,0.0275842742994427,-3.3557360181584954
0.01025390625,0.0174514697864651,-4.922923743957654
0.010498046875,0.0110001564025878,1.57533105276525
0.0107421875,0.006911383010447,6.977278779260814
0.010986328125,0.0043301302939653,-1.3126182004343718
0.01123046875,0.0027061309665441,-2.201909023337066
0.011474609375,0.001687416806817,0.9621138237416742
0.01171875,0.0010500643402338,-1.366829973878339
0.011962890625,0.0006522163748741,0.08796370355412361
0.01220703125,0.0004043728113174,0.7862077916506678
0.012451171875,0.0002502491697669,-0.17437273752875632
0.0126953125,0.0001545464619994,-3.1794389251153916
0.012939453125,9.521655738353728e-05,-0.8511918189469724
0.01318359375,5.84898516535759e-05,6.322865652386099
0.013427734375,3.5771168768405914e-05,0.3347298160661012
0.013671875,2.173520624637604e-05,-4.380104748997837
0.013916015625,1.3076700270175934e-05,-2.510192296700552
0.01416015625,7.738359272480011e-06,1.8044452266767619
0.014404296875,4.453584551811218e-06,6.642953757662326
0.0146484375,2.440996468067169e-06,-3.143211239948869
0.014892578125,1.216307282447815e-06,-3.7252890777308494
0.01513671875,4.76837158203125e-07,3.3105611868668343
0.015380859375,3.166496753692627e-08,0.9313225946389136
0.015625,-2.4028122425079346e-07,3.0340740813408047
0.015869140625,-3.986060619354248e-07,-0.683940411079675
0.01611328125,-4.852190613746643e-07,-5.791662744944915
0.016357421875,-5.345791578292847e-07,-0.363798409467563
0.0166015625,-5.522742867469788e-07,0.021827329648658637
0.016845703125,-5.494803190231323e-07,-0.2692109746858478
0.01708984375,-5.345791578292847e-07,0.7203192617744207
0.017333984375,-5.150213837623596e-07,-0.9167711955960839
0.017578125,-5.094334483146667e-07,1.2805680171586573
0.017822265625,-5.168840289115906e-07,1.9135763430967927
0.01806640625,-5.094334483146667e-07,0.33469355991110206
0.018310546875,-4.759058356285095e-07,-0.5311453808099031
0.0185546875,-4.544854164123535e-07,-0.5675251598004251
0.018798828125,-4.526227712631226e-07,-2.481101991143077
0.01904296875,-4.386529326438904e-07,2.0881994040682907
0.019287109375,-4.12575900554657e-07,4.889443097868934
0.01953125,-3.920868039131165e-07,-4.620233483845367
0.019775390625,-3.9301812648773193e-07,-2.1682357606478035
0.02001953125,-3.864988684654236e-07,2.9976941547356546
0.020263671875,-3.613531589508057e-07,0.3637975177261978
0.0205078125,-3.501772880554199e-07,-1.098669947357848
0.020751953125,-3.436580300331116e-07,-0.3419703487306833
0.02099609375,-3.334134817123413e-07,0.5165926578920333
0.021240234375,-3.203749656677246e-07,-1.557055252371356
0.021484375,-3.101304173469544e-07,-2.9685910188127305
0.021728515625,-3.064051270484925e-07,0.7785271629691124
0.02197265625,-2.9336661100387573e-07,6.068148358492181
0.022216796875,-2.784654498100281e-07,0.5020407920237631
0.0224609375,-2.728775143623352e-07,-6.868504265323281
0.022705078125,-2.738088369369507e-07,-2.6993805409874767
0.02294921875,-2.654269337654114e-07,6.562913506058976
0.023193359375,-2.4959444999694824e-07,6.155459882924333
0.0234375,-2.4400651454925537e-07,-4.176399911288172
0.023681640625,-2.384185791015625e-07,-7.523340408923104
0.02392578125,-2.3469328880310059e-07,4.79485582979396
0.024169921875,-2.291053533554077e-07,5.340552662266419
0.0244140625,-2.1606683731079107e-07,-7.348717409651727
0.024658203125,-2.123415470123291e-07,-3.536115612834692
0.02490234375,-2.123415470123291e-07,1.9936121862847358
0.025146484375,-2.0209699869155886e-07,6.359186749206856
0.025390625,-1.9371509552001958e-07,7.457856344757602
0.025634765625,-1.955777406692505e-07,-4.52564582740888
0.02587890625,-1.8812716007232666e-07,-6.126356492051856
0.026123046875,-1.816079020500183e-07,0.42200536071322853
0.0263671875,-1.788139343261719e-07,1.8553690137341616
0.026611328125,-1.7229467630386353e-07,0.6475600544363259
0.02685546875,-1.6763806343078613e-07,-1.7244021238293499
0.027099609375,-1.601874828338623e-07,-1.5570550952106714
0.02734375,-1.6298145055770877e-07,0.3346938891336322
0.027587890625,-1.6298145055770877e-07,1.185980931855738
0.02783203125,-1.5459954738616946e-07,0.043655591551214463
0.028076171875,-1.5087425708770752e-07,1.0113579633180052
0.0283203125,-1.4435499906539917e-07,0.4583851818460971
0.028564453125,-1.396983861923218e-07,-2.1682355161756277
0.02880859375,-1.3504177331924438e-07,-1.0113582429476082
0.029052734375,-1.341104507446289e-07,4.5401974194683135
0.029296875,-1.3690441846847534e-07,2.2846505569759756
0.029541015625,-1.3224780559539798e-07,-6.017217080108821
0.02978515625,-1.2665987014770508e-07,-0.5456969493534415
0.030029296875,-1.2386590242385864e-07,2.1027516291942447
0.0302734375,-1.2479722499847412e-07,-0.3128662998788058
0.030517578125,-1.1827796697616577e-07,3.0267982431687415
0.03076171875,-1.1082738637924194e-07,-2.575689111603424
0.031005859375,-1.1455267667770387e-07,-5.100446396507322
0.03125,-1.1362135410308839e-07,1.6734701425302774
0.031494140625,-1.0710209608078004e-07,1.4915712045039982
0.03173828125,-1.0617077350616456e-07,0.5893524624407291
0.031982421875,-1.0617077350616456e-07,2.30647845659405
0.0322265625,-1.0058283805847169e-07,-0.2546586219687014
0.032470703125,-9.313225746154785e-08,-2.7575880326330657
0.03271484375,-9.220093488693237e-08,0.5093169370666145
0.032958984375,-9.96515154838562e-08,0.8731148152146487
0.033203125,-1.0337680578231813e-07,-1.826265455922112
0.033447265625,-9.592622518539429e-08,1.0768416349310428
0.03369140625,-8.66129994392395e-08,1.964508465724066
0.033935546875,-8.568167686462402e-08,-0.6402843573596328
0.0341796875,-8.475035429000854e-08,-1.09866968402639
0.034423828125,-8.28877091407776e-08,-1.6734703336842358
0.03466796875,-8.195638656616212e-08,-0.4292815853841602
0.034912109375,-7.916241884231567e-08,3.1141097731888294
0.03515625,-8.009374141693115e-08,1.0913935659918934
0.035400390625,-8.102506399154663e-08,-1.7826096911448983
0.03564453125,-8.102506399154663e-08,-0.029103911016136408
0.035888671875,-8.195638656616212e-08,0.35652184835635126
0.0361328125,-7.264316082000732e-08,0.3128661073278635
0.036376953125,-6.239861249923706e-08,-0.2546585907693952
0.03662109375,-6.705522537231445e-08,-1.8626452223397791
0.036865234375,-7.264316082000732e-08,-0.5820766759570688
0.037109375,-6.98491930961609e-08,2.2191670066677034
0.037353515625,-7.171183824539186e-08,1.3169482604134828
0.03759765625,-6.798654794692993e-08,-1.3169483952224255
0.037841796875,-5.494803190231323e-08,0.10913929948583245
0.0380859375,-5.8673322200775146e-08,-0.3783498601987958
0.038330078125,-6.798654794692993e-08,-4.911271452205256
0.03857421875,-6.239861249923706e-08,-2.0445441503543407
0.038818359375,-5.587935447692872e-08,5.40603644773364
0.0390625,-6.146728992462158e-08,2.7503119183238596
0.039306640625,-6.239861249923706e-08,-1.0986696600448338
0.03955078125,-5.7741999626159675e-08,0.6039044235367327
0.039794921875,-5.587935447692872e-08,0.16734696691855788
0.0400390625,-5.401670932769776e-08,1.4260876355692744
0.040283203125,-5.401670932769776e-08,1.6298144543543456
0.04052734375,-5.401670932769776e-08,-2.6848284082952887
0.040771484375,-5.587935447692872e-08,-0.8876668796874584
0.041015625,-5.401670932769776e-08,0.9385984793771058
0.041259765625,-4.936009645462036e-08,-1.9499566925223917
0.04150390625,-4.936009645462036e-08,0.6039044307544826
0.041748046875,-4.5634806156158454e-08,1.3096723204944283
0.0419921875,-4.284083843231201e-08,-0.7712515546008943
0.042236328125,-4.842877388000488e-08,-0.7421477241441606
0.04248046875,-4.936009645462036e-08,-0.48021324770525087
0.042724609375,-4.37721610069275e-08,1.375155943678692
0.04296875,-4.37721610069275e-08,0.24010655423626298
0.043212890625,-4.5634806156158454e-08,-2.524757335428148
0.04345703125,-4.4703483581542975e-08,0.02182783000171185
0.043701171875,-4.37721610069275e-08,2.313754477538168
0.0439453125,-4.0046870708465576e-08,0.11641527945175764
0.044189453125,-4.284083843231201e-08,-0.4147296256851405
0.04443359375,-4.284083843231201e-08,-0.5311449465807527
0.044677734375,-3.632158041000366e-08,-0.40017770929262036
0.044921875,-4.284083843231201e-08,0.8440110427327453
0.045166015625,-4.749745130538941e-08,-0.7712515457533299
0.04541015625,-4.0046870708465576e-08,0.2546584794763475
0.045654296875,-3.166496753692627e-08,1.3315002056770027
0.0458984375,-2.9802322387695312e-08,-0.35652196127921343
0.046142578125,-3.725290298461914e-08,0.39290167461149395
0.04638671875,-4.0978193283081055e-08,-0.20372684788890186
0.046630859375,-3.725290298461914e-08,-1.266016660025343
0.046875,-3.4458935260772705e-08,0.1673469862435013
0.047119140625,-3.4458935260772705e-08,0.7203197658527642
0.04736328125,-3.2596290111541755e-08,0.014551883563399315
0.047607421875,-3.166496753692627e-08,-0.6402843003161252
0.0478515625,-3.632158041000366e-08,-0.45838536182418466
0.048095703125,-3.4458935260772705e-08,1.2005329728126524
0.04833984375,-3.073364496231079e-08,0.4365574235562235
0.048583984375,-3.166496753692627e-08,-1.3897079364396632
0.048828125,-3.073364496231079e-08,-0.5675247262697666
0.049072265625,-2.700835466384888e-08,0.34196997713297606
0.04931640625,-2.60770320892334e-08,0.42928147036582226
0.049560546875,-3.3527612686157227e-08,-0.19645088468678293
0.0498046875,-3.4458935260772705e-08,-0.6111804689280689
0.050048828125,-2.9802322387695312e-08,0.7057678590063005
0.05029296875,-3.073364496231079e-08,1.651642349315807
0.050537109375,-2.700835466384888e-08,-0.6766640869900583
0.05078125,-2.3283064365386963e-08,-1.8189894319511948
0.051025390625,-2.5145709514617923e-08,-0.1527951369062066
0.05126953125,-3.073364496231079e-08,0.5602487095165998
0.051513671875,-3.2596290111541755e-08,1.2878444700036198
0.0517578125,-2.3283064365386963e-08,0.5020410476718098
0.052001953125,-2.0489096641540527e-08,-1.4915713367518038
0.05224609375,-2.700835466384888e-08,-1.1859811169560996
0.052490234375,-2.700835466384888e-08,1.5352270307485012
0.052734375,-2.700835466384888e-08,1.6807461848948149
0.052978515625,-2.700835466384888e-08,-1.6152626138646156
0.05322265625,-1.9557774066925052e-08,-1.5061232501175255
0.053466796875,-2.0489096641540527e-08,1.2369127694983033
0.0537109375,-2.700835466384888e-08,1.2732925582677126
0.053955078125,-2.700835466384888e-08,-0.4147296075243503
0.05419921875,-2.421438694000244e-08,-1.7316779361572114
0.054443359375,-2.0489096641540527e-08,-0.763975572073832
0.0546875,-1.9557774066925052e-08,2.4883774819318205
0.054931640625,-2.3283064365386963e-08,0.9749782977160066
0.05517578125,-2.142041921615601e-08,-2.466549653327092
0.055419921875,-2.0489096641540527e-08,-0.7785274861380458
0.0556640625,-2.60770320892334e-08,1.7316778916865585
0.055908203125,-2.0489096641540527e-08,1.0404619188047948
0.05615234375,-1.9557774066925052e-08,-0.6402842921670526
0.056396484375,-2.5145709514617923e-08,0.2692104070447386
0.056640625,-2.0489096641540527e-08,1.5206751197110862
0.056884765625,-1.9557774066925052e-08,-0.10913938097655773
0.05712890625,-1.862645149230957e-08,-1.6516423961147664
0.057373046875,-1.3969838619232178e-08,-1.8044375085737554
0.0576171875,-1.9557774066925052e-08,-0.09458746900781989
0.057861328125,-2.8870999813079837e-08,2.0081642821896817
0.05810546875,-2.421438694000244e-08,-0.7639755681157111
0.058349609375,-1.210719347000122e-08,-1.2587406856473535
0.05859375,-1.210719347000122e-08,2.357410247903317
0.058837890625,-2.0489096641540527e-08,0.756699573714286
0.05908203125,-2.142041921615601e-08,-3.0631781732663512
0.059326171875,-1.30385160446167e-08,-1.6443664408288896
0.0595703125,-1.4901161193847656e-08,0.4511093525215983
0.059814453125,-2.2351741790771484e-08,0.814907235559076
0.06005859375,-1.7695128917694092e-08,2.815795581089333
0.060302734375,-1.6763806343078613e-08,-0.4511093867477029
0.060546875,-1.7695128917694092e-08,-1.1641532354988156
0.060791015625,-1.3969838619232178e-08,1.9863364107441157
0.06103515625,-1.5832483768463135e-08,-0.640284285414964
0.061279296875,-1.7695128917694092e-08,-2.0663719782605767
0.0615234375,-1.6763806343078613e-08,-0.22555470233783123
0.061767578125,-1.7695128917694092e-08,1.8262653450947257
0.06201171875,-1.3969838619232178e-08,0.4729372274596244
0.062255859375,-1.30385160446167e-08,-1.4479155810549855
0.0625,-1.5832483768463135e-08,0.814907238818705
0.062744140625,-1.3969838619232178e-08,0.5384208490140735
0.06298828125,-1.862645149230957e-08,-1.666194307617843
0.063232421875,-1.7695128917694092e-08,-0.27648640400730073
0.0634765625,-1.4901161193847656e-08,0.2328306280542165
0.063720703125,-2.0489096641540527e-08,1.4406395929399878
0.06396484375,-1.4901161193847656e-08,1.2223608659114689
0.064208984375,-8.381903171539307e-09,-1.6516423933207987
0.064453125,-9.313225746154784e-09,-1.2078089809510857
0.064697265625,-1.1175870895385742e-08,0.8294591535814106
0.06494140625,-1.30385160446167e-08,0.21827871655113995
0.065185546875,-1.3969838619232178e-08,-0.7639755615964531
0.0654296875,-1.6763806343078613e-08,1.331500230357051
0.065673828125,-1.5832483768463135e-08,-0.014551928965374827
0.06591796875,-1.1175870895385742e-08,-1.0186340794898567
0.066162109375,-1.1175870895385742e-08,2.0081642887089397
0.06640625,-1.1175870895385742e-08,0.7785274516791105
0.066650390625,-1.3969838619232178e-08,-1.8044375011231748
0.06689453125,-1.4901161193847656e-08,-1.5425030263140798
0.067138671875,-9.313225746154784e-09,-0.12369129154831171
0.0673828125,-1.4901161193847656e-08,1.6661942813079802
0.067626953125,-1.4901161193847656e-08,-0.2473825712222606
0.06787109375,-6.5192580223083504e-09,-1.7316779242828486
0.068115234375,-1.0244548320770264e-08,0.17462297016754746
0.068359375,-1.5832483768463135e-08,1.3751559772063047
0.068603515625,-1.210719347000122e-08,1.7826096045318989
0.06884765625,-9.313225746154784e-09,-0.8803908829577266
0.069091796875,-1.30385160446167e-08,-0.6402842828538269
0.0693359375,-1.1175870895385742e-08,0.4802131906617432
0.069580078125,-1.1175870895385742e-08,-1.7171260074246673
0.06982421875,-1.30385160446167e-08,0.1746229708660394
0.070068359375,-8.381903171539307e-09,1.3678800205234438
0.0703125,-1.1175870895385742e-08,0.6257323452737181
0.070556640625,-1.30385160446167e-08,-0.13096724776551127
0.07080078125,-9.313225746154784e-09,-1.1496013139840213
0.071044921875,-9.313225746154784e-09,-1.0113581190817058
0.0712890625,-1.0244548320770264e-08,-0.7566996021196245
0.071533203125,-1.210719347000122e-08,1.4406395975966007
0.07177734375,-1.0244548320770264e-08,2.444721747888252
0.072021484375,-1.1175870895385742e-08,-1.3242242962587625
0.072265625,-1.1175870895385742e-08,-2.1755113364197314
0.072509765625,-7.450580596923828e-09,0.807631284929812
0.07275390625,-6.5192580223083504e-09,0.1455191415734589
0.072998046875,-1.0244548320770264e-08,0.34924595593474805
0.0732421875,-1.3969838619232178e-08,1.3169483186211437
0.073486328125,-1.0244548320770264e-08,0.4438334042206407
0.07373046875,-1.0244548320770264e-08,-1.1204974818974733
0.073974609375,-7.450580596923828e-09,-2.0663719710428268
0.07421875,-5.587935447692871e-09,0.4583853203803301
0.074462890625,-1.210719347000122e-08,1.375155980233103
0.07470703125,-1.1175870895385742e-08,-0.24738256772980094
0.074951171875,-8.381903171539307e-09,-0.5093170425388961
0.0751953125,-7.450580596923828e-09,0.7930793713312595
0.075439453125,-7.450580596923828e-09,0.5165929808281361
0.07568359375,-1.30385160446167e-08,-0.8367351349443197
0.075927734375,-9.313225746154784e-09,0.2401065942831337
0.076171875,-2.7939677238464355e-09,1.1859810815658418
0.076416015625,-1.0244548320770264e-08,-0.7275957714300602
0.07666015625,-1.30385160446167e-08,-2.059096012031659
0.076904296875,-6.5192580223083504e-09,1.1496012953575698
0.0771484375,-4.6566128730773926e-09,1.760781734250486
0.077392578125,-6.5192580223083504e-09,-2.124579631956294
0.07763671875,-1.210719347000122e-08,-0.18189895083196458
0.077880859375,-1.1175870895385742e-08,1.8117134380154312
0.078125,-3.725290298461914e-09,-1.1277734353207052
0.078369140625,-7.450580596923828e-09,0.225554677657783
0.07861328125,-1.30385160446167e-08,1.1641532091889528
0.078857421875,-8.381903171539307e-09,-1.5206751488149166
0.0791015625,-9.313225746154783e-10,-1.2078089714050293
0.079345703125,-5.587935447692871e-09,-0.27648639725521207
0.07958984375,-1.210719347000122e-08,1.1132215075194836
0.079833984375,-9.313225746154784e-09,1.5934347109869123
0.080078125,-6.5192580223083504e-09,-0.7057678967248647
0.080322265625,-7.450580596923828e-09,-0.01455192337743938
0.08056640625,-9.313225746154784e-09,-0.8803908773697912
0.080810546875,-3.725290298461914e-09,-0.3492459726985544
0.0810546875,-5.587935447692871e-09,2.837623461149633
0.081298828125,-1.210719347000122e-08,-1.1423253524117172
0.08154296875,-6.5192580223083504e-09,-2.4156179339624937
0.081787109375,-5.587935447692871e-09,1.3533281092531977
0.08203125,-7.450580596923828e-09,1.229636828880757
0.082275390625,-6.5192580223083504e-09,-1.0986696064937858
0.08251953125,-8.381903171539307e-09,-0.8731149192899464
0.082763671875,-5.587935447692871e-09,0.9022187367081641
0.0830078125,-4.6566128730773926e-09,0.1527951005846262
0.083251953125,-7.450580596923828e-09,0.18917489098384976
0.08349609375,-7.450580596923828e-09,0.9385985275730491
0.083740234375,-7.450580596923828e-09,-0.029103836277499795
0.083984375,-6.5192580223083504e-09,-1.1204974793363363
0.084228515625,-5.587935447692871e-09,-0.6839400222525001
0.08447265625,-5.587935447692871e-09,0.6111804330721498
0.084716796875,-6.5192580223083504e-09,-1.0550138601101935
0.0849609375,-6.5192580223083504e-09,0.44383340864442294
0.085205078125,-7.450580596923828e-09,2.146407489664852
0.08544921875,-7.450580596923828e-09,-1.4260876988992095
0.085693359375,-2.7939677238464355e-09,-1.185981097165495
0.0859375,-5.587935447692871e-09,1.67347024474293
0.086181640625,-9.313225746154784e-09,0.4511093664914369
0.08642578125,-2.7939677238464355e-09,-0.8149072576779871
0.086669921875,-4.6566128730773926e-09,0.2764863825868815
0.0869140625,-1.1175870895385742e-08,-0.7494236407801509
0.087158203125,-5.587935447692871e-09,0.0436557405628264
0.08740234375,0.0,1.098669594619423
0.087646484375,-6.5192580223083504e-09,-0.03637979389168322
0.087890625,-1.30385160446167e-08,0.8440110734663903
0.088134765625,-5.587935447692871e-09,-0.34197001717984676
0.08837890625,9.313225746154783e-10,-1.2951204571872947
0.088623046875,-5.587935447692871e-09,0.8876668270677329
0.0888671875,-7.450580596923828e-09,0.1236912733875215
0.089111328125,-4.6566128730773926e-09,-0.6184564032591878
0.08935546875,-7.450580596923828e-09,-1.1204974779393524
0.089599609375,-5.587935447692871e-09,-1.3824319511186332
0.08984375,-2.7939677238464355e-09,0.18189893639646468
0.090087890625,-4.6566128730773926e-09,1.7389538642019031
0.09033203125,-7.450580596923828e-09,2.27009876887314
0.090576171875,-7.450580596923828e-09,-1.3387762068305165
0.0908203125,-1.862645149230957e-09,-1.7971615353599188
0.091064453125,-3.725290298461914e-09,1.1423253410030156
0.09130859375,-6.5192580223083504e-09,0.4365574521943927
0.091552734375,-2.7939677238464355e-09,0.560248730937019
0.091796875,-5.587935447692871e-09,0.7421476705931126
0.092041015625,-8.381903171539307e-09,-1.7316779163666067
0.09228515625,-7.450580596923828e-09,-0.5966285285539924
0.092529296875,-1.862645149230957e-09,-0.1455191585700959
0.0927734375,-9.313225746154783e-10,-0.6912159787025303
0.093017578125,-1.0244548320770264e-08,1.688022162299603
0.09326171875,-7.450580596923828e-09,-0.33469405490905046
0.093505859375,0.0,0.09458744409494102
0.09375,-5.587935447692871e-09,1.7680576960556207
0.093994140625,-5.587935447692871e-09,-2.0809238820802425
0.09423828125,9.313225746154783e-10,-1.3824319520499557
0.094482421875,-6.5192580223083504e-09,1.0477378910873083
0.0947265625,-8.381903171539307e-09,1.4042598151136187
0.094970703125,-1.862645149230957e-09,0.40745362290181225
0.09521484375,-2.7939677238464355e-09,-0.967702366877347
0.095458984375,-3.725290298461914e-09,0.45838532503694296
0.095703125,-7.450580596923828e-09,-0.021827877731993798
0.095947265625,-7.450580596923828e-09,-0.3201421401463449
0.09619140625,-4.6566128730773926e-09,0.13096723333001137
0.096435546875,-2.7939677238464355e-09,-0.472937248647213
0.0966796875,-1.862645149230957e-09,-0.28376235184259707
0.096923828125,-5.587935447692871e-09,-1.0986696041654793
0.09716796875,-4.6566128730773926e-09,1.4260876888874918
0.097412109375,-1.862645149230957e-09,1.6734702470712364
0.09765625,-4.6566128730773926e-09,-2.466549635864794
0.097900390625,-6.5192580223083504e-09,-1.0841176882386205
0.09814453125,-2.7939677238464355e-09,1.5279510947875676
0.098388671875,-9.313225746154783e-10,0.7566995879169552
0.0986328125,-3.725290298461914e-09,0.23283063992857933
0.098876953125,-7.450580596923828e-09,-0.8149072581436484
0.09912109375,-7.450580596923828e-09,-1.6734702554531395
0.099365234375,-2.7939677238464355e-09,0.8149072499945759
0.099609375,-9.313225746154783e-10,0.6475602234713732
0.099853515625,-3.725290298461914e-09,-0.34924597037024796
0.10009765625,-3.725290298461914e-09,1.4842953500337897
0.100341796875,-1.862645149230957e-09,0.11641531880013642
0.1005859375,-5.587935447692871e-09,-0.13824319932609797
0.100830078125,-8.381903171539307e-09,0.45110936835408205
0.10107421875,-2.7939677238464355e-09,-1.564330889843404
0.101318359375,0.0,-0.1818989450111985
0.1015625,-2.7939677238464355e-09,1.4551915177144108
0.101806640625,-4.6566128730773926e-09,-0.00727596040815115
0.10205078125,-8.381903171539307e-09,-1.0113581106998026
0.102294921875,-3.725290298461914e-09,-0.5456968254875391
0.1025390625,1.862645149230957e-09,-0.7130438506137579
0.102783203125,-4.6566128730773926e-09,0.4947651154361665
0.10302734375,-5.587935447692871e-09,2.284650688059628
0.103271484375,-2.7939677238464355e-09,0.2837623422965407
0.103515625,-5.587935447692871e-09,-2.4228938892483716
0.103759765625,-2.7939677238464355e-09,-0.7203198061324656
0.10400390625,-9.313225746154783e-10,1.4551915186457334
0.104248046875,-4.6566128730773926e-09,0.26193446945399046
0.1044921875,-2.7939677238464355e-09,-0.21100277337245638
0.104736328125,-3.725290298461914e-09,-0.5238689514808357
0.10498046875,-3.725290298461914e-09,-0.4511093767359852
0.105224609375,-1.862645149230957e-09,0.8803908678237348
0.10546875,-3.725290298461914e-09,-0.0582076630089432
0.105712890625,-2.7939677238464355e-09,-0.9385985350236297
0.10595703125,-4.6566128730773926e-09,0.17462297901511192
0.106201171875,-3.725290298461914e-09,1.098669596482068
0.1064453125,-2.7939677238464355e-09,0.5748006487265228
0.106689453125,-4.6566128730773926e-09,-0.7057678918354212
0.10693359375,-1.862645149230957e-09,-0.6475602318532764
0.107177734375,-1.862645149230957e-09,0.9604264008812604
0.107421875,-3.725290298461914e-09,0.2546585141681134
0.107666015625,-3.725290298461914e-09,-2.0736479214392602
0.10791015625,-4.6566128730773926e-09,-0.3492459689732641
0.108154296875,-4.6566128730773926e-09,2.0299921701662247
0.1083984375,-9.313225746154783e-10,2.110027705552056
0.108642578125,0.0,-0.8512870436534284
0.10888671875,-1.862645149230957e-09,-3.0267983712255955
0.109130859375,-4.6566128730773926e-09,-0.5456968240905552
0.109375,-6.5192580223083504e-09,1.6007106725592164
0.109619140625,-2.7939677238464355e-09,2.0008883411064744
0.10986328125,-9.313225746154783e-10,-0.465661290101707
0.110107421875,-2.7939677238464355e-09,-2.2555468641221523
0.1103515625,-2.7939677238464355e-09,0.7639755462296306
0.110595703125,-1.862645149230957e-09,2.197339197620749
0.11083984375,-3.725290298461914e-09,-2.0372681349981576
0.111083984375,-4.6566128730773926e-09,-2.539309211075306
0.111328125,-1.862645149230957e-09,2.4811015434097494
0.111572265625,-1.862645149230957e-09,0.691215971019119
0.11181640625,-4.6566128730773926e-09,-1.6734702526591718
0.112060546875,-2.7939677238464355e-09,0.8003553349990397
0.1123046875,-9.313225746154783e-10,0.5165929861832409
0.112548828125,-3.725290298461914e-09,0.5384208601899444
0.11279296875,-3.725290298461914e-09,0.24738255725242198
0.113037109375,-1.862645149230957e-09,-1.3169483302626759
0.11328125,-5.587935447692871e-09,0.1382431909441948
0.113525390625,-1.862645149230957e-09,1.738953866297379
0.11376953125,4.6566128730773926e-09,-0.6111804416868836
0.114013671875,-5.587935447692871e-09,-2.022716219071299
0.1142578125,-9.313225746154784e-09,0.5384208613540976
0.114501953125,9.313225746154783e-10,0.9385985299013555
0.11474609375,9.313225746154783e-10,-0.429281503194943
0.114990234375,-4.6566128730773926e-09,0.3783497924450785
0.115234375,-5.587935447692871e-09,2.11002770694904
0.115478515625,-1.862645149230957e-09,-1.0622898128349334
0.11572265625,9.313225746154783e-10,-3.8489815811626613
0.115966796875,-3.725290298461914e-09,0.5966285206377505
0.1162109375,-4.6566128730773926e-09,3.426976033020764
0.116455078125,-2.7939677238464355e-09,0.23283064202405512
0.11669921875,-1.862645149230957e-09,-1.753505785251036
0.116943359375,9.313225746154783e-10,-0.894942789338529
0.1171875,-9.313225746154783e-10,0.2837623425293713
0.117431640625,-3.725290298461914e-09,1.2878444951493293
0.11767578125,-3.725290298461914e-09,-0.6111804412212223
0.117919921875,-4.6566128730773926e-09,-1.0259100254625082
0.1181640625,-1.862645149230957e-09,0.4947651152033359
0.118408203125,0.0,0.4874891568906604
0.11865234375,-4.6566128730773926e-09,0.5020410728175193
0.118896484375,-2.7939677238464355e-09,0.021827871212735776
0.119140625,-9.313225746154783e-10,-0.5748006533831357
0.119384765625,-3.725290298461914e-09,0.32741809030994773
0.11962890625,-1.862645149230957e-09,0.4947651154361665
0.119873046875,0.0,-1.4915713134687394
0.1201171875,-9.313225746154783e-10,-0.698491933522746
0.120361328125,-5.587935447692871e-09,1.4115357750561086
0.12060546875,-4.6566128730773926e-09,0.021827870979905132
0.120849609375,9.313225746154783e-10,-0.7057678911369293
0.12109375,-2.7939677238464355e-09,0.25465851323679084
0.121337890625,-3.725290298461914e-09,0.7348717169370502
0.12158203125,9.313225746154783e-10,0.9240466160699725
0.121826171875,0.0,-0.26921043405309325
0.1220703125,-4.6566128730773926e-09,-0.24010660429485137
0.122314453125,-6.5192580223083504e-09,-0.12369128130376339
0.12255859375,-9.313225746154783e-10,-0.7421476780436932
0.122802734375,9.313225746154783e-10,-0.6475602295249699
0.123046875,-3.725290298461914e-09,0.4874891573563217
0.123291015625,-9.313225746154783e-10,1.193257045932114
0.12353515625,1.862645149230957e-09,-0.6039044833742081
0.123779296875,-6.5192580223083504e-09,-0.7858034234959633
0.1240234375,-5.587935447692871e-09,0.8294591652229428
0.124267578125,9.313225746154783e-10,0.800355334766209
0.12451171875,0.0,-2.2191670746542513
0.124755859375,-9.313225746154783e-10,-0.28376234928146
0.125,-5.587935447692871e-09,1.9790604694280773
0.125244140625,-3.725290298461914e-09,-0.22555468743667004
0.12548828125,9.313225746154783e-10,0.3274180912412703
0.125732421875,-1.862645149230957e-09,-0.6039044838398694
0.1259765625,-1.862645149230957e-09,0.08003553096204995
0.126220703125,-9.313225746154783e-10,0.07275957381352782
0.12646484375,-2.7939677238464355e-09,-1.8189894049428401
0.126708984375,-5.587935447692871e-09,-0.2619344762060791
0.126953125,-9.313225746154783e-10,2.3937900529708713
0.127197265625,3.725290298461914e-09,1.215084920171648
0.12744140625,-2.7939677238464355e-09,-1.8189894054085014
0.127685546875,-3.725290298461914e-09,0.08003553119488059
0.1279296875,-2.7939677238464355e-09,0.4365574545226991
0.128173828125,-4.6566128730773926e-09,-0.6912159752100706
0.12841796875,-9.313225746154783e-10,0.7275957600213586
0.128662109375,-9.313225746154783e-10,0.30559021863155067
0.12890625,-3.725290298461914e-09,-1.1423253470566124
0.129150390625,9.313225746154783e-10,-0.6621121447533369
0.12939453125,9.313225746154783e-10,0.298314259853214
0.129638671875,-2.7939677238464355e-09,0.03637978574261069
0.1298828125,-1.862645149230957e-09,0.32014213292859495
0.130126953125,-3.725290298461914e-09,1.142325344029814
0.13037109375,-1.862645149230957e-09,0.02182787214405835
0.130615234375,0.0,0.10186340427026151
0.130859375,-3.725290298461914e-09,-0.7275957642123102
0.131103515625,-4.6566128730773926e-09,-1.0404619411565366
0.13134765625,9.313225746154783e-10,1.6225385461002588
0.131591796875,3.725290298461914e-09,1.2660166251007465
0.1318359375,-7.450580596923828e-09,-1.6952981245703993
0.132080078125,-8.381903171539307e-09,-2.5538611249066885
0.13232421875,5.587935447692871e-09,0.8949427844490855
0.132568359375,3.725290298461914e-09,2.3937900536693633
0.1328125,-4.6566128730773926e-09,-0.43655745848082006
0.133056640625,-1.862645149230957e-09,-0.9749783230945468
0.13330078125,-1.862645149230957e-09,0.13096723495982587
0.133544921875,-5.587935447692871e-09,-0.007275959011167288
0.1337890625,9.313225746154783e-10,-0.4220055418554693
0.134033203125,2.7939677238464355e-09,-0.7785274651832879
0.13427734375,-4.6566128730773926e-09,1.5861587559338657
0.134521484375,-4.6566128730773926e-09,1.7171259941533206
0.134765625,-3.725290298461914e-09,-0.924046617699787
0.135009765625,-1.862645149230957e-09,-0.9968061950057743
0.13525390625,9.313225746154783e-10,-0.21827873028814793
0.135498046875,-4.6566128730773926e-09,0.1455191511195153
0.1357421875,-3.725290298461914e-09,-0.19645085721276698
0.135986328125,3.725290298461914e-09,0.8949427839834242
0.13623046875,2.7939677238464355e-09,0.48748915875330556
0.136474609375,-1.862645149230957e-09,-1.1641532187350092
0.13671875,-3.725290298461914e-09,0.9604264036752281
0.136962890625,-9.313225746154783e-10,1.4188117333687842
0.13720703125,-1.862645149230957e-09,-1.6734702526591718
0.137451171875,-3.725290298461914e-09,-2.1827872858848423
0.1376953125,0.0,-0.05093170423060655
0.137939453125,-1.862645149230957e-09,0.5748006496578454
0.13818359375,-9.313225746154783e-10,0.7348717162385583
0.138427734375,2.7939677238464355e-09,0.7130438447929918
0.138671875,-4.6566128730773926e-09,0.014551914064213634
0.138916015625,-5.587935447692871e-09,-1.0622898135334253
0.13916015625,-9.313225746154783e-10,-0.6039044836070387
0.139404296875,-3.725290298461914e-09,1.964508555131033
0.1396484375,-1.862645149230957e-09,-0.08731149276718497
0.139892578125,9.313225746154783e-10,-2.262822820572182
0.14013671875,0.0,0.9531504467595369
0.140380859375,-1.862645149230957e-09,0.9458744896110147
0.140625,-1.862645149230957e-09,-0.24738256097771227
0.140869140625,0.0,1.2732925796881318
0.14111328125,0.0,-0.007275959011167288
0.141357421875,-1.862645149230957e-09,-1.9790604705922306
0.1416015625,9.313225746154783e-10,-0.4729372460860759
0.141845703125,1.862645149230957e-09,1.6880221632309256
0.14208984375,-4.6566128730773926e-09,0.058207659516483545
0.142333984375,-4.6566128730773926e-09,-0.5602487360592932
0.142578125,-9.313225746154783e-10,0.5384208618197589
0.142822265625,-9.313225746154783e-10,0.32014213176444173
0.14306640625,-2.7939677238464355e-09,-0.6039044843055307
0.143310546875,-1.862645149230957e-09,-1.2296368372626603
0.1435546875,-2.7939677238464355e-09,0.7639755494892596
0.143798828125,-3.725290298461914e-09,0.8149072513915597
0.14404296875,9.313225746154783e-10,-0.6111804409883916
0.144287109375,0.0,-0.26193447480909526
0.14453125,-1.862645149230957e-09,-1.113221516367048
0.144775390625,-1.862645149230957e-09,0.9240466153714806
0.14501953125,-1.862645149230957e-09,2.2628228170797224
0.145263671875,2.7939677238464355e-09,-1.5279510994441805
0.1455078125,0.0,-1.1641532187350092
0.145751953125,-9.313225746154783e-10,0.8003553361631929
0.14599609375,1.862645149230957e-09,0.42928149690851564
0.146240234375,-4.6566128730773926e-09,-0.4802132041659205
0.146484375,-5.587935447692871e-09,0.18189893872477111
0.146728515625,0.0,-0.22555468766950068
0.14697265625,9.313225746154783e-10,-1.4333636502269658
0.147216796875,-9.313225746154783e-10,1.4479155640583485
0.1474609375,-3.725290298461914e-09,1.658918333472684
0.147705078125,-2.7939677238464355e-09,-0.15279511152766645
0.14794921875,9.313225746154783e-10,-1.7244019561912864
0.148193359375,-9.313225746154783e-10,-0.720319805201143
0.1484375,-2.7939677238464355e-09,1.5716068446636202
0.148681640625,-1.862645149230957e-09,-0.36379788140766317
0.14892578125,-3.725290298461914e-09,0.029103828128427267
0.149169921875,9.313225746154783e-10,0.9167706572916358
0.1494140625,9.313225746154783e-10,-0.09458744968287647
0.149658203125,-5.587935447692871e-09,-0.7930793804116546
0.14990234375,2.7939677238464355e-09,-1.7462298288010059
0.150146484375,2.7939677238464355e-09,0.2401065996382385
0.150390625,-7.450580596923828e-09,1.6298145048785952
0.150634765625,-9.313225746154783e-10,0.31286617787554855
0.15087890625,4.6566128730773926e-09,-0.38562575448304415
0.151123046875,-1.862645149230957e-09,-0.8512870429549365
0.1513671875,-1.862645149230957e-09,-0.04365574568510056
0.151611328125,0.0,1.4479155642911792
0.15185546875,-9.313225746154783e-10,0.036379785276949406
0.152099609375,-2.7939677238464355e-09,-1.8553691920824347
0.15234375,-2.7939677238464355e-09,0.5602487369906157
0.152587890625,4.6566128730773926e-09,2.3792381389066577
0.15283203125,-9.313225746154783e-10,-1.32422428810969
0.153076171875,-9.313225746154784e-09,-2.2919266507960856
0.1533203125,-1.862645149230957e-09,0.7348717176355422
0.153564453125,1.862645149230957e-09,1.5643308863509444
0.15380859375,-9.313225746154783e-10,1.4770193947479129
0.154052734375,-4.6566128730773926e-09,-1.367880032164976
0.154296875,-2.7939677238464355e-09,-1.8990249382331967
0.154541015625,1.862645149230957e-09,0.7785274623893201
0.15478515625,-9.313225746154783e-10,-0.545696822926402
0.155029296875,-1.862645149230957e-09,0.14551915135234594
0.1552734375,0.0,0.6984919309616089
0.155517578125,-9.313225746154783e-10,-0.261934474343434
0.15576171875,0.0,0.676664056489244
0.156005859375,1.862645149230957e-09,-0.21100277197547251
0.15625,-9.313225746154783e-10,1.4115357764530925
0.156494140625,-3.725290298461914e-09,0.5820766086690128
0.15673828125,-1.862645149230957e-09,-2.7357600638642907
0.156982421875,2.7939677238464355e-09,-0.8149072539526968
0.1572265625,2.7939677238464355e-09,-0.2182787291239947
0.157470703125,-2.7939677238464355e-09,1.1277734285686165
0.15771484375,-1.862645149230957e-09,2.3646862229797985
0.157958984375,0.0,-0.48748916131444264
0.158203125,-2.7939677238464355e-09,-0.7203198042698205
0.158447265625,-3.725290298461914e-09,-0.793079380178824
0.15869140625,-3.725290298461914e-09,-1.5861587619874624
0.158935546875,0.0,1.3460521558299658
0.1591796875,9.313225746154783e-10,2.4447217567358166
0.159423828125,-2.7939677238464355e-09,-2.3428583522327244
0.15966796875,-2.7939677238464355e-09,-2.582964953733608
0.159912109375,-9.313225746154783e-10,3.3251126289833333
0.16015625,-9.313225746154783e-10,1.4697434382978827
0.160400390625,-2.7939677238464355e-09,-2.2118911175057288
0.16064453125,-9.313225746154783e-10,-0.22555468953214583
0.160888671875,-9.313225746154783e-10,0.6548361864406614
0.1611328125,9.313225746154783e-10,0.1455191532149911
0.161376953125,4.6566128730773926e-09,-0.2546585178934037
0.16162109375,-1.862645149230957e-09,0.37107383762486273
0.161865234375,-6.5192580223083504e-09,1.3969838614575565
0.162109375,0.0,-0.2983142628800124
0.162353515625,4.6566128730773926e-09,-2.015440259128809
0.16259765625,0.0,-0.6039044826757162
0.162841796875,-1.862645149230957e-09,0.46566128614358604
0.1630859375,-1.862645149230957e-09,0.5529727782122791
0.163330078125,-1.862645149230957e-09,0.9022187439259141
0.16357421875,2.7939677238464355e-09,0.15279510919936
0.163818359375,2.7939677238464355e-09,-1.4624674818478522
0.1640625,-4.6566128730773926e-09,-0.5384208646137266
0.164306640625,-5.587935447692871e-09,1.1641532159410415
0.16455078125,-9.313225746154783e-10,-0.0727595784701407
0.164794921875,0.0,0.320142135489732
0.1650390625,-9.313225746154783e-10,1.5425030149053782
0.165283203125,-9.313225746154783e-10,-1.2078089653514326
0.16552734375,-1.862645149230957e-09,-2.262822820106521
0.165771484375,-2.7939677238464355e-09,-0.24010660313069815
0.166015625,1.862645149230957e-09,0.6548361836466937
0.166259765625,0.0,2.0372681305743754
0.16650390625,-3.725290298461914e-09,0.8731149130035191
0.166748046875,-1.862645149230957e-09,-1.3678800319321454
0.1669921875,-4.6566128730773926e-09,-0.9385985324624926
0.167236328125,-1.862645149230957e-09,-0.42928149970248336
0.16748046875,3.725290298461914e-09,1.6370904613286255
0.167724609375,2.7939677238464355e-09,1.4406396059785038
0.16796875,-9.313225746154783e-10,-1.142325346590951
0.168212890625,-4.6566128730773926e-09,-2.0372681324370205
0.16845703125,0.0,-0.9604264053050426
0.168701171875,9.313225746154783e-10,2.131855580257252
0.1689453125,-1.862645149230957e-09,0.8294591677840799
0.169189453125,9.313225746154783e-10,-0.8585629991721362
0.16943359375,0.0,-0.10913936491124332
0.169677734375,0.0,0.5893525665160269
0.169921875,-9.313225746154783e-10,1.3460521574597804
0.170166015625,-3.725290298461914e-09,-0.967702363617718
0.17041015625,-1.862645149230957e-09,-0.8221832108683883
0.170654296875,1.862645149230957e-09,-1.193257049191743
0.1708984375,3.725290298461914e-09,-0.9604264048393814
0.171142578125,0.0,1.4333636497613045
0.17138671875,-3.725290298461914e-09,-0.007275959011167288
0.171630859375,-9.313225746154783e-10,0.9240466158371419
0.171875,1.862645149230957e-09,0.7057678883429616
0.172119140625,0.0,-0.9022187450900673
0.17236328125,-4.6566128730773926e-09,-0.26193447480909526
0.172607421875,-2.7939677238464355e-09,0.6039044817443936
0.1728515625,9.313225746154783e-10,0.7712515061721205
0.173095703125,-2.7939677238464355e-09,-1.702574082650244
0.17333984375,-2.7939677238464355e-09,-2.4665496328379954
0.173583984375,9.313225746154783e-10,2.2846506896894425
0.173828125,0.0,3.8417056200560182
0.174072265625,-9.313225746154783e-10,-1.782609616173431
0.17431640625,-1.862645149230957e-09,-2.2118911158759142
0.174560546875,-3.725290298461914e-09,1.229636836098507
0.1748046875,-2.7939677238464355e-09,0.2764863893389702
0.175048828125,9.313225746154783e-10,-1.2223608805797994
0.17529296875,2.7939677238464355e-09,-0.10186340822838245
0.175537109375,-2.7939677238464355e-09,1.1059455564245582
0.17578125,-5.587935447692871e-09,0.021827871212735776
0.176025390625,0.0,-0.44383341562934225
0.17626953125,5.587935447692871e-09,-2.3283064365386963e-10
0.176513671875,0.0,-0.8149072530213742
0.1767578125,-5.587935447692871e-09,0.9313225736841557
0.177001953125,0.0,0.8440110830124467
0.17724609375,1.862645149230957e-09,-1.8771970646921545
0.177490234375,-9.313225746154783e-10,0.31286617578007275
0.177734375,9.313225746154783e-10,2.0736479193437845
0.177978515625,9.313225746154783e-10,-0.836735125631094
0.17822265625,-9.313225746154783e-10,-1.688022168120369
0.178466796875,-9.313225746154783e-10,0.28376234578900034
0.1787109375,-2.7939677238464355e-09,1.5716068455949428
0.178955078125,9.313225746154783e-10,0.5238689484540373
0.17919921875,4.6566128730773926e-09,-2.110027708811685
0.179443359375,0.0,-0.29831426311284304
0.1796875,-3.725290298461914e-09,2.4301698424387723
0.179931640625,-9.313225746154783e-10,0.3274180924054235
0.18017578125,9.313225746154783e-10,-3.063178156502545
0.180419921875,9.313225746154783e-10,-0.3856257547158748
0.1806640625,-9.313225746154783e-10,2.859451341675594
0.180908203125,-2.7939677238464355e-09,-0.5748006519861518
0.18115234375,-9.313225746154783e-10,-1.6079866336658597
0.181396484375,-9.313225746154783e-10,-0.04365574684925378
0.181640625,-1.862645149230957e-09,2.1609594111796464
0.181884765625,-3.725290298461914e-09,2.015440259128809
0.18212890625,-2.7939677238464355e-09,-2.801243682857603
0.182373046875,0.0,-1.7244019561912864
0.1826171875,0.0,0.4583853285294026
0.182861328125,-1.862645149230957e-09,-0.050931704696267836
0.18310546875,-3.725290298461914e-09,1.5788828025106338
0.183349609375,1.862645149230957e-09,0.7566995923407375
0.18359375,9.313225746154783e-10,-0.9022187460213899
0.183837890625,-3.725290298461914e-09,-1.1641532196663318
0.18408203125,-2.7939677238464355e-09,-0.2837623471859842
0.184326171875,-4.6566128730773926e-09,1.0913936411961913
0.1845703125,2.7939677238464355e-09,0.27648638910613954
0.184814453125,4.6566128730773926e-09,0.06548361829482019
0.18505859375,-2.7939677238464355e-09,-0.029103831620886922
0.185302734375,-9.313225746154783e-10,-0.23283064411953092
0.185546875,9.313225746154783e-10,-0.23283064388670027
0.185791015625,9.313225746154783e-10,-0.17462298297323287
0.18603515625,9.313225746154783e-10,1.5716068444307896
0.186279296875,-9.313225746154783e-10,0.03637978760525584
0.1865234375,-2.7939677238464355e-09,-2.1100277090445156
0.186767578125,-2.7939677238464355e-09,0.4292814987711608
0.18701171875,2.7939677238464355e-09,0.39290171139873564
0.187255859375,3.725290298461914e-09,-1.4915713106747717
0.1875,-3.725290298461914e-09,1.768057699780911
0.187744140625,-9.313225746154783e-10,0.9022187422960996
0.18798828125,5.587935447692871e-09,-1.10594555712305
0.188232421875,1.862645149230957e-09,1.4260876937769353
0.1884765625,-5.587935447692871e-09,0.05820765998214483
0.188720703125,-4.6566128730773926e-09,-2.0663719628937542
0.18896484375,5.587935447692871e-09,-1.5643308870494363
0.189208984375,1.862645149230957e-09,-0.15279511036351323
0.189453125,-5.587935447692871e-09,2.2628228175453837
0.189697265625,9.313225746154783e-10,1.9790604701265693
0.18994140625,9.313225746154783e-10,-2.684828360332176
0.190185546875,-3.725290298461914e-09,-1.1568772615864873
0.1904296875,-2.7939677238464355e-09,2.7357600615359843
0.190673828125,-9.313225746154783e-10,0.6330083108041435
0.19091796875,1.862645149230957e-09,-1.0404619397595527
0.191162109375,1.862645149230957e-09,-1.2514647094067184
0.19140625,-5.587935447692871e-09,0.6039044822100549
0.191650390625,-4.6566128730773926e-09,1.848093232838437
0.19189453125,5.587935447692871e-09,-0.4147295856382698
0.192138671875,9.313225746154783e-10,-2.080923878354952
0.1923828125,-6.5192580223083504e-09,-0.9822542790789155
0.192626953125,-1.862645149230957e-09,1.8844730211421847
0.19287109375,1.862645149230957e-09,1.2441887515597043
0.193115234375,-9.313225746154783e-10,-1.5934347191359848
0.193359375,-4.6566128730773926e-09,-0.720319805201143
0.193603515625,-2.7939677238464355e-09,0.40017766924574966
0.19384765625,2.7939677238464355e-09,-0.06548361759632826
0.194091796875,2.7939677238464355e-09,-0.5456968217622488
0.1943359375,-2.7939677238464355e-09,0.880390868987888
0.194580078125,-1.862645149230957e-09,2.1900632404722273
0.19482421875,-9.313225746154783e-10,0.5165929906070231
0.195068359375,-1.862645149230957e-09,-1.3606040738523004
0.1953125,0.0,-1.1423253454267979
0.195556640625,0.0,-0.31286617834120983
0.19580078125,9.313225746154783e-10,-1.1568772615864873
0.196044921875,2.7939677238464355e-09,0.23283064318820834
0.1962890625,9.313225746154783e-10,1.5716068439651283
0.196533203125,-3.725290298461914e-09,0.02182787284255028
0.19677734375,-1.862645149230957e-09,-0.2692104317247868
0.197021484375,2.7939677238464355e-09,0.5893525667488575
0.197265625,1.862645149230957e-09,-0.2619344745762646
0.197509765625,-2.7939677238464355e-09,-1.1932570498902348
0.19775390625,-2.7939677238464355e-09,-0.029103830689564347
0.197998046875,1.862645149230957e-09,0.6621121421921998
0.1982421875,2.7939677238464355e-09,1.3387761996127665
0.198486328125,0.0,0.3201421352569014
0.19873046875,-4.6566128730773926e-09,-1.280568539397791
0.198974609375,-2.7939677238464355e-09,0.11641532112844286
0.19921875,4.6566128730773926e-09,-0.7930793815758078
0.199462890625,0.0,-1.1350493882782755
0.19970703125,-5.587935447692871e-09,2.0736479200422764
0.199951171875,0.0,1.4842953528277574
0.2001953125,1.862645149230957e-09,-1.520675140665844
0.200439453125,-9.313225746154783e-10,-0.902218744624406
0.20068359375,0.0,0.3492459640838206
0.200927734375,9.313225746154783e-10,0.6912159733474255
0.201171875,0.0,-0.3201421347912401
0.201416015625,9.313225746154783e-10,-0.4074536263942719
0.20166015625,0.0,0.14551915205083787
0.201904296875,-9.313225746154783e-10,-2.8230715552344914
0.2021484375,-9.313225746154783e-10,1.717125995783135
0.202392578125,0.0,4.743924364214763
0.20263671875,1.862645149230957e-09,-2.299202606081962
0.202880859375,0.0,-1.9208528110757466
0.203125,-3.725290298461914e-09,0.3201421338599175
0.203369140625,-4.6566128730773926e-09,-0.502041075611487
0.20361328125,9.313225746154783e-10,1.6661942941136656
0.203857421875,-9.313225746154783e-10,0.32014213409274817
0.2041015625,-3.725290298461914e-09,-1.1787051346618682
0.204345703125,1.862645149230957e-09,-0.1382431946694851
0.20458984375,1.862645149230957e-09,-0.378349797334522
0.204833984375,0.0,0.7494236330967396
0.205078125,-2.7939677238464355e-09,0.7639755504205822
0.205322265625,-4.6566128730773926e-09,-0.9604264055378733
0.20556640625,-9.313225746154783e-10,-0.6475602297578006
0.205810546875,2.7939677238464355e-09,-0.4001776694785803
0.2060546875,-1.862645149230957e-09,0.20372681366279724
0.206298828125,-2.7939677238464355e-09,1.3824319464620203
0.20654296875,1.862645149230957e-09,0.3929017102345824
0.206787109375,-1.862645149230957e-09,-1.0841176849789915
0.20703125,-9.313225746154783e-10,-0.10186340683139859
0.207275390625,9.313225746154783e-10,0.5456968210637568
0.20751953125,-1.862645149230957e-09,-0.19645085604861376
0.207763671875,-1.862645149230957e-09,-0.3783497966360301
0.2080078125,0.0,-0.9895302355289459
0.208251953125,1.862645149230957e-09,1.2805685389321297
0.20849609375,-1.862645149230957e-09,2.6557245287112887
0.208740234375,-1.862645149230957e-09,-1.5643308863509444
0.208984375,3.725290298461914e-09,-1.782609616871923
0.209228515625,1.862645149230957e-09,1.0404619367327543
0.20947265625,-2.7939677238464355e-09,-0.05820766184478998
0.209716796875,-9.313225746154783e-10,0.1455191527493298
0.2099609375,0.0,0.058207662077620625
0.210205078125,-2.7939677238464355e-09,-1.433363650692627
0.21044921875,-9.313225746154783e-10,-1.3897079059388489
0.210693359375,1.862645149230957e-09,1.2005330056417731
0.2109375,0.0,3.5943230609409507
0.211181640625,-9.313225746154783e-10,-0.5311449060682207
0.21142578125,-9.313225746154783e-10,-2.9031070882920176
0.211669921875,-1.862645149230957e-09,0.8149072516243904
0.2119140625,1.862645149230957e-09,0.7785274635534734
0.212158203125,1.862645149230957e-09,-1.7971615297719834
0.21240234375,-2.7939677238464355e-09,1.1714291763491929
0.212646484375,0.0,1.477019394049421
0.212890625,3.725290298461914e-09,-1.9281287684570998
0.213134765625,1.862645149230957e-09,-0.48748915968462814
0.21337890625,-1.862645149230957e-09,0.34924596548080444
0.213623046875,-1.862645149230957e-09,0.2546585162635892
0.2138671875,0.0,1.2296368363313377
0.214111328125,0.0,-0.5675246939063071
0.21435546875,9.313225746154783e-10,-1.2296368365641683
0.214599609375,9.313225746154783e-10,1.266016624169424
0.21484375,-9.313225746154783e-10,0.5748006512876599
0.215087890625,-9.313225746154783e-10,-1.9208528103772546
0.21533203125,0.0,0.2692104310262949
0.215576171875,-2.7939677238464355e-09,2.233718987321481
0.2158203125,-9.313225746154783e-10,-0.9677023626863954
0.216064453125,3.725290298461914e-09,-0.8076312951743603
0.21630859375,9.313225746154783e-10,0.8512870403937994
0.216552734375,1.862645149230957e-09,-1.142325347289443
0.216796875,0.0,-0.8149072537198662
0.217041015625,-5.587935447692871e-09,0.7930793811101465
0.21728515625,-9.313225746154783e-10,0.8658389565534889
0.217529296875,9.313225746154783e-10,1.135049387346953
0.2177734375,9.313225746154783e-10,-0.14551915414631367
0.218017578125,0.0,-2.299202608177438
0.21826171875,-5.587935447692871e-09,-1.2223608784843236
0.218505859375,-2.7939677238464355e-09,1.41881173546426
0.21875,0.0,2.2919266475364566
0.218994140625,1.862645149230957e-09,0.05093170260079204
0.21923828125,2.7939677238464355e-09,-2.0299921748228376
0.219482421875,-3.725290298461914e-09,-0.3128661781083792
0.2197265625,-3.725290298461914e-09,0.5529727779794484
0.219970703125,0.0,-0.14551915298216045
0.22021484375,0.0,1.0186340650543568
0.220458984375,-3.725290298461914e-09,0.4074536263942719
0.220703125,-4.6566128730773926e-09,-0.8440110834781079
0.220947265625,9.313225746154783e-10,-0.08731149253435433
0.22119140625,3.725290298461914e-09,-0.261934474343434
0.221435546875,9.313225746154783e-10,-0.8440110837109386
0.2216796875,-5.587935447692871e-09,0.4001776673831045
0.221923828125,-5.587935447692871e-09,1.527951098512858
0.22216796875,1.862645149230957e-09,-0.5093170327600091
0.222412109375,5.587935447692871e-09,-1.0695657697506247
0.22265625,0.0,0.7712515064049511
0.222900390625,-4.6566128730773926e-09,0.3783497957047075
0.22314453125,-9.313225746154783e-10,-0.9604264046065507
0.223388671875,0.0,-0.9604264046065507
0.2236328125,1.862645149230957e-09,1.4260876919142902
0.223876953125,2.7939677238464355e-09,1.8917489789891988
0.22412109375,-2.7939677238464355e-09,-0.9895302355289459
0.224365234375,-2.7939677238464355e-09,-1.717125996481627
0.224609375,1.862645149230957e-09,0.20372681249864402
0.224853515625,3.725290298461914e-09,1.135049386648461
0.22509765625,-2.7939677238464355e-09,0.6111804393585771
0.225341796875,-2.7939677238464355e-09,-0.8149072527885436
0.2255859375,1.862645149230957e-09,-1.2514647091738877
0.225830078125,-9.313225746154783e-10,0.8440110832452773
0.22607421875,2.7939677238464355e-09,1.6589183346368372
0.226318359375,9.313225746154783e-10,-0.16734702582471073
0.2265625,-2.7939677238464355e-09,-1.8189894033130256
0.226806640625,0.0,-1.6152625908143818
0.22705078125,1.862645149230957e-09,1.63709046295844
0.227294921875,2.7939677238464355e-09,1.367880031466484
0.2275390625,-4.6566128730773926e-09,-2.7066562322434033
0.227783203125,-5.587935447692871e-09,0.5529727786779404
0.22802734375,3.725290298461914e-09,2.5320332481060173
0.228271484375,3.725290298461914e-09,-0.34197000809945166
0.228515625,-1.862645149230957e-09,-0.6039044812787323
0.228759765625,0.0,0.4001776678487658
0.22900390625,0.0,0.31286617740988726
0.229248046875,-9.313225746154783e-10,-2.0372681317385286
0.2294921875,1.862645149230957e-09,-1.3387762017082423
0.229736328125,0.0,2.1536834535654634
0.22998046875,1.862645149230957e-09,2.3865140976849943
0.230224609375,9.313225746154783e-10,-1.3606040733866391
0.23046875,-3.725290298461914e-09,-3.0195224098861213
0.230712890625,-9.313225746154783e-10,0.9240466167684644
0.23095703125,0.0,2.2264430292416364
0.231201171875,0.0,-0.7785274649504572
0.2314453125,2.7939677238464355e-09,-0.02910382952541113
0.231689453125,9.313225746154783e-10,1.3242242855485529
0.23193359375,-1.862645149230957e-09,-1.6225385488942266
0.232177734375,-3.725290298461914e-09,-0.9313225748483089
0.232421875,-9.313225746154783e-10,2.204615157097578
0.232666015625,3.725290298461914e-09,0.1527951101306826
0.23291015625,9.313225746154783e-10,-1.738953869557008
0.233154296875,-9.313225746154783e-10,-0.8803908720146864
0.2333984375,-9.313225746154783e-10,0.9240466160699725
0.233642578125,-9.313225746154783e-10,0.24010660150088364
0.23388671875,-9.313225746154783e-10,-0.6693881002720445
0.234130859375,9.313225746154783e-10,1.1568772599566728
0.234375,1.862645149230957e-09,-0.924046618398279
0.234619140625,-2.7939677238464355e-09,-0.6621121438220143
0.23486328125,-1.862645149230957e-09,1.389707904541865
0.235107421875,9.313225746154783e-10,-0.03637978830374777
0.2353515625,0.0,0.6475602271966635
0.235595703125,0.0,-0.6402842700481415
0.23583984375,-2.7939677238464355e-09,-0.7930793808773159
0.236083984375,-3.725290298461914e-09,2.1755113245453686
0.236328125,0.0,-0.14551915298216045
0.236572265625,0.0,-1.8044374883174894
0.23681640625,9.313225746154783e-10,0.29103830363601446
0.237060546875,0.0,0.18189893988892433
0.2373046875,-3.725290298461914e-09,-0.2110027708113193
0.237548828125,-2.7939677238464355e-09,0.2619344738777727
0.23779296875,-9.313225746154783e-10,-0.31286617787554855
0.238037109375,1.862645149230957e-09,-0.6184563981369137
0.23828125,-9.313225746154783e-10,0.6111804384272546
0.238525390625,0.0,1.0550138540565968
0.23876953125,1.862645149230957e-09,-0.6475602274294942
0.239013671875,-5.587935447692871e-09,-1.1059455580543727
0.2392578125,-1.862645149230957e-09,0.7639755490235983
0.239501953125,2.7939677238464355e-09,0.9531504469923675
0.23974609375,-2.7939677238464355e-09,-0.47293724631890655
0.239990234375,0.0,-0.4292815004009753
0.240234375,2.7939677238464355e-09,0.3856257535517216
0.240478515625,-4.6566128730773926e-09,0.16734702489338815
0.24072265625,-3.725290298461914e-09,-0.727595762349665
0.240966796875,3.725290298461914e-09,-1.4915713102091104
0.2412109375,1.862645149230957e-09,0.5966285245958715
0.241455078125,-3.725290298461914e-09,1.1641532166395334
0.24169921875,0.0,-0.9240466165356338
0.241943359375,3.725290298461914e-09,0.9677023631520567
0.2421875,-1.862645149230957e-09,1.0768417252693325
0.242431640625,-1.862645149230957e-09,-0.320142135489732
0.24267578125,0.0,-0.08731149043887854
0.242919921875,9.313225746154783e-10,-0.2619344745762646
0.2431640625,3.725290298461914e-09,-0.6402842712122947
0.243408203125,-9.313225746154783e-10,-1.0768417266663164
0.24365234375,-9.313225746154783e-10,0.6111804405227304
0.243896484375,2.7939677238464355e-09,2.7066562329418953
0.244140625,-2.7939677238464355e-09,-0.4438334153965116
0.244384765625,-2.7939677238464355e-09,-3.121385817183181
0.24462890625,-1.862645149230957e-09,1.5497789720539001
0.244873046875,-9.313225746154783e-10,0.7057678883429616
0.2451171875,7.450580596923828e-09,-2.240994945866987
0.245361328125,1.862645149230957e-09,1.4842953528277574
0.24560546875,-5.587935447692871e-09,0.14551915228366852
0.245849609375,-9.313225746154783e-10,-1.01863406621851
0.24609375,-9.313225746154783e-10,2.240994945168495
0.246337890625,0.0,-0.3783497957047075
0.24658203125,3.725290298461914e-09,-2.29192664870061
0.246826171875,0.0,-0.15279511082917452
0.2470703125,-9.313225746154783e-10,0.6548361848108469
0.247314453125,9.313225746154783e-10,1.5133991842158137
0.24755859375,-9.313225746154783e-10,0.7275957614183425
0.247802734375,9.313225746154783e-10,-0.7566995928063988
0.248046875,0.0,-1.8626451501622796
0.248291015625,-1.862645149230957e-09,-0.5529727784451097
0.24853515625,0.0,3.4342519943602383
0.248779296875,0.0,1.047737896442413
0.2490234375,9.313225746154783e-10,-2.7357600627001375
0.249267578125,0.0,-0.6984919314272702
0.24951171875,9.313225746154783e-10,-0.40745362872257834
0.249755859375,-1.862645149230957e-09,-0.46566128893755376
0.25,-2.7939677238464355e-09,1.8044374894816426
0.250244140625,2.7939677238464355e-09,0.2910383059643209
0.25048828125,-2.7939677238464355e-09,-0.5529727782122791
0.250732421875,-2.7939677238464355e-09,1.047737896442413
0.2509765625,4.6566128730773926e-09,-0.4947651184629649
0.251220703125,1.862645149230957e-09,-0.4074536263942719
0.25146484375,-9.313225746154783e-10,1.404259819537401
0.251708984375,-1.862645149230957e-09,-9.313225746154783e-10
0.251953125,-9.313225746154783e-10,-2.3355823943857104
0.252197265625,1.862645149230957e-09,-1.5716068446636202
0.25244140625,-1.862645149230957e-09,1.0913936421275139
0.252685546875,-2.7939677238464355e-09,1.862645149230957
0.2529296875,0.0,0.916770658455789
0.253173828125,1.862645149230957e-09,-0.8440110832452773
0.25341796875,3.725290298461914e-09,-0.9385985317640007
0.253662109375,-1.862645149230957e-09,0.2255546851083636
0.25390625,-7.450580596923828e-09,-1.3387762014754117
0.254150390625,-9.313225746154783e-10,-0.7566995914094149
0.25439453125,6.5192580223083504e-09,2.7357600633986294
0.254638671875,0.0,0.8731149139348416
0.2548828125,-1.862645149230957e-09,-2.0881998359691347
0.255126953125,4.6566128730773926e-09,-0.10913936491124332
0.25537109375,-1.862645149230957e-09,2.088199835736304
0.255615234375,-4.6566128730773926e-09,0.10913936467841268
0.255859375,1.862645149230957e-09,-1.6298145058099178
0.256103515625,9.313225746154783e-10,-0.23283064435236156
0.25634765625,-3.725290298461914e-09,0.05820766091346741
0.256591796875,0.0,-0.029103829991072416
0.2568359375,4.6566128730773926e-09,0.6984919309616089
0.257080078125,1.862645149230957e-09,1.258740667020902
0.25732421875,-1.862645149230957e-09,-0.7494236347265542
0.257568359375,-3.725290298461914e-09,-1.4042598204687236
0.2578125,0.0,0.45838532876223326
0.258056640625,9.313225746154783e-10,-0.6402842695824802
0.25830078125,1.862645149230957e-09,0.23283064318820834
0.258544921875,3.725290298461914e-09,0.7566995914094149
0.2587890625,-1.862645149230957e-09,-1.5716068437322976
0.259033203125,-3.725290298461914e-09,0.48021320183761407
0.25927734375,-1.862645149230957e-09,2.4738255888223653
0.259521484375,9.313225746154783e-10,-0.5093170325271784
0.259765625,2.7939677238464355e-09,-1.9863364296033978
0.260009765625,-2.7939677238464355e-09,0.42928149853833014
0.26025390625,-3.725290298461914e-09,-0.08003553422167896
0.260498046875,0.0,-0.34924596594646573
0.2607421875,-9.313225746154783e-10,0.3419700067024678
0.260986328125,1.862645149230957e-09,-0.1964508562814444
0.26123046875,0.0,2.0445440895855427
0.261474609375,-4.6566128730773926e-09,0.7203198033384979
0.26171875,-9.313225746154783e-10,-1.5788828020449726
0.261962890625,0.0,-0.6912159724161029
0.26220703125,1.862645149230957e-09,0.24010660150088364
0.262451171875,2.7939677238464355e-09,0.8367351251654327
0.2626953125,-3.725290298461914e-09,-0.12369127990677953
0.262939453125,-3.725290298461914e-09,-0.63300831313245
0.26318359375,-9.313225746154783e-10,-0.08731149113737047
0.263427734375,-9.313225746154783e-10,-0.1236912792082876
0.263671875,9.313225746154783e-10,0.2983142607845366
0.263916015625,0.0,0.26921043032780295
0.26416015625,-2.7939677238464355e-09,-1.6661942941136656
0.264404296875,-9.313225746154783e-10,0.13824319397099316
0.2646484375,2.7939677238464355e-09,2.190063240705058
0.264892578125,-2.7939677238464355e-09,-0.8731149139348416
0.26513671875,-2.7939677238464355e-09,-1.0259100233670324
0.265380859375,4.6566128730773926e-09,0.8221832108683883
0.265625,9.313225746154783e-10,0.7639755497220903
0.265869140625,-9.313225746154783e-10,0.3055902188643813
0.26611328125,-9.313225746154783e-10,-1.01863406621851
0.266357421875,-3.725290298461914e-09,-1.2732925817836076
0.2666015625,0.0,0.6548361850436776
0.266845703125,9.313225746154783e-10,0.5165929899085312
0.26708984375,0.0,-0.4874891601502894
0.267333984375,2.7939677238464355e-09,0.9677023631520567
0.267578125,0.0,1.2732925827149302
0.267822265625,9.313225746154783e-10,-0.23283064388670027
0.26806640625,1.862645149230957e-09,-1.3606040745507924
0.268310546875,-4.6566128730773926e-09,-0.8512870410922914
0.2685546875,-2.7939677238464355e-09,0.11641532205976543
0.268798828125,4.6566128730773926e-09,-0.9531504469923675
0.26904296875,3.725290298461914e-09,0.34197000740095973
0.269287109375,-4.6566128730773926e-09,2.9103830452077086
0.26953125,-3.725290298461914e-09,0.3856257547158748
0.269775390625,9.313225746154783e-10,-1.7535057850182054
0.27001953125,1.862645149230957e-09,-1.455191523535177
0.270263671875,5.587935447692871e-09,-0.5748006515204905
0.2705078125,-3.725290298461914e-09,1.4770193956792355
0.270751953125,-5.587935447692871e-09,-0.2619344745762646
0.27099609375,5.587935447692871e-09,-1.0986696002073584
0.271240234375,-1.862645149230957e-09,2.1755113266408443
0.271484375,-3.725290298461914e-09,1.1641532180365173
0.271728515625,4.6566128730773926e-09,-0.22555468650534746
0.27197265625,9.313225746154783e-10,-1.1714291768148541
0.272216796875,-4.6566128730773926e-09,-1.6880221674218772
0.2724609375,0.0,1.1714291763491929
0.272705078125,3.725290298461914e-09,0.31286617787554855
0.27294921875,-2.7939677238464355e-09,-1.229636837495491
0.273193359375,-3.725290298461914e-09,1.4915713099762797
0.2734375,2.7939677238464355e-09,2.029992173891515
0.273681640625,2.7939677238464355e-09,-1.491571310441941
0.27392578125,-9.313225746154783e-10,-1.6807462088763712
0.274169921875,-2.7939677238464355e-09,0.08003553305752574
0.2744140625,-9.313225746154783e-10,-0.3274180928710848
0.274658203125,9.313225746154783e-10,0.2401066017337143
0.27490234375,-9.313225746154783e-10,0.734871719731018
0.275146484375,-9.313225746154783e-10,0.37834979477338493
0.275390625,0.0,-0.058207662776112556
0.275634765625,9.313225746154783e-10,0.5238689477555454
0.27587890625,9.313225746154783e-10,0.26193447364494205
0.276123046875,-1.862645149230957e-09,-0.5529727786779404
0.2763671875,0.0,-1.5425030135083944
0.276611328125,3.725290298461914e-09,-0.8440110837109386
0.27685546875,-9.313225746154783e-10,1.862645148532465
0.277099609375,-3.725290298461914e-09,1.2223608796484768
0.27734375,9.313225746154783e-10,0.8076312958728522
0.277587890625,2.7939677238464355e-09,-1.4042598197702316
0.27783203125,0.0,-2.20461515779607
0.278076171875,-1.862645149230957e-09,0.5893525667488575
0.2783203125,-1.862645149230957e-09,1.251464709639549
0.278564453125,1.862645149230957e-09,-0.6111804402898997
0.27880859375,2.7939677238464355e-09,-1.48429535375908
0.279052734375,-1.862645149230957e-09,2.1536834540311247
0.279296875,-3.725290298461914e-09,1.076841726899147
0.279541015625,0.0,-1.338776201242581
0.27978515625,3.725290298461914e-09,0.11641532205976543
0.280029296875,1.862645149230957e-09,-0.9604264055378733
0.2802734375,-9.313225746154783e-10,-0.09458744991570711
0.280517578125,-2.7939677238464355e-09,1.535227057058364
0.28076171875,9.313225746154783e-10,0.8221832106355577
0.281005859375,1.862645149230957e-09,-0.6330083128996193
0.28125,-1.862645149230957e-09,-2.211891114711761
0.281494140625,0.0,0.05093170283362269
0.28173828125,-1.862645149230957e-09,1.3096723700873554
0.281982421875,0.0,-0.2037268129643053
0.2822265625,3.725290298461914e-09,0.40017766878008837
0.282470703125,0.0,0.23283064388670027
0.28271484375,0.0,0.058207661379128695
0.282958984375,-9.313225746154783e-10,-0.43655745778232813
0.283203125,-2.7939677238464355e-09,-1.3969838628545403
0.283447265625,0.0,2.0954757928848267
0.28369140625,1.862645149230957e-09,1.513399183982983
0.283935546875,-1.862645149230957e-09,-3.1723175195511426
0.2841796875,0.0,-1.1859810915775595
0.284423828125,4.6566128730773926e-09,2.9103830447420473
0.28466796875,-1.862645149230957e-09,1.2732925827149302
0.284912109375,-3.725290298461914e-09,-2.9685907056555147
0.28515625,0.0,-0.058207661379128695
0.285400390625,1.862645149230957e-09,0.9604264041408894
0.28564453125,3.725290298461914e-09,-1.746229827404022
0.285888671875,-1.862645149230957e-09,1.8626451494637877
0.2861328125,-2.7939677238464355e-09,1.8044374883174894
0.286376953125,1.862645149230957e-09,-0.9313225746154783
0.28662109375,9.313225746154783e-10,-1.3969838619232178
0.286865234375,9.313225746154783e-10,-0.29103830456733704
0.287109375,-9.313225746154783e-10,1.3387762010097504
0.287353515625,-9.313225746154783e-10,-0.4074536263942719
0.28759765625,9.313225746154783e-10,-1.5716068451292815
0.287841796875,-1.862645149230957e-09,0.3783497957047075
0.2880859375,0.0,2.3865140976849943
0.288330078125,9.313225746154783e-10,-0.14551915228366852
0.28857421875,-9.313225746154783e-10,-2.3283064365386963
0.288818359375,9.313225746154783e-10,-0.5820766093675047
0.2890625,-9.313225746154783e-10,1.3678800307679921
0.289306640625,0.0,1.1641532173380253
0.28955078125,2.7939677238464355e-09,-0.11641532182693479
0.289794921875,-2.7939677238464355e-09,-0.3492459647823125
0.2900390625,-3.725290298461914e-09,-1.1932570496574042
0.290283203125,1.862645149230957e-09,-1.1859810922760514
0.29052734375,3.725290298461914e-09,0.6621121435891837
0.290771484375,1.862645149230957e-09,2.99041858012788
0.291015625,-1.862645149230957e-09,0.6402842695824802
0.291259765625,-1.862645149230957e-09,-3.2669049687683582
0.29150390625,-9.313225746154783e-10,-0.26193447364494205
0.291748046875,0.0,1.9863364277407527
0.2919921875,9.313225746154783e-10,-0.05093170376494526
0.292236328125,-1.862645149230957e-09,-0.29831426148302853
0.29248046875,-9.313225746154783e-10,0.22555468580685553
0.292724609375,2.7939677238464355e-09,-0.5238689496181905
0.29296875,-9.313225746154783e-10,-0.6984919321257621
0.293212890625,-5.587935447692871e-09,0.5820766089018434
0.29345703125,-9.313225746154783e-10,0.26193447364494205
0.293701171875,3.725290298461914e-09,-0.7275957611855118
0.2939453125,9.313225746154783e-10,0.3856257542502135
0.294189453125,-2.7939677238464355e-09,1.1714291747193784
0.29443359375,-2.7939677238464355e-09,-0.2692104321904481
0.294677734375,-1.862645149230957e-09,-1.2005330051761118
0.294921875,0.0,-0.5820766096003354
0.295166015625,3.725290298461914e-09,-0.4074536275584251
0.29541015625,0.0,1.5425030149053782
0.295654296875,-5.587935447692871e-09,1.3969838628545403
0.2958984375,0.0,-2.059096005512401
0.296142578125,3.725290298461914e-09,-1.9426806832198054
0.29638671875,-1.862645149230957e-09,1.2441887522581963
0.296630859375,-5.587935447692871e-09,2.7284841048531234
0.296875,-1.862645149230957e-09,0.3201421352569014
0.297119140625,2.7939677238464355e-09,-2.0663719619624317
0.29736328125,0.0,-1.1932570501230655
0.297607421875,-2.7939677238464355e-09,0.23283064039424062
0.2978515625,9.313225746154783e-10,1.2005330049432812
0.298095703125,3.725290298461914e-09,1.8990249382331967
0.29833984375,-1.862645149230957e-09,-0.7639755497220903
0.298583984375,-3.725290298461914e-09,-2.3064785641618073
0.298828125,9.313225746154783e-10,-0.2910383043345064
0.299072265625,-2.7939677238464355e-09,1.3678800312336534
0.29931640625,-3.725290298461914e-09,1.222360878949985
0.299560546875,3.725290298461914e-09,-0.37834979640319943
0.2998046875,6.5192580223083504e-09,0.4365574561525136
0.300048828125,5.587935447692871e-09,1.9208528096787627
