target_label,target_mz,window_ppm,setting,g_bin,g_lo,g_hi,g_center,n_total,n_good,p_success,median_success_ppm,mad_success_ppm,frac_tail3
T01,1359.8,30.0,ModeA_points,0,0.0,0.05713481158478438,0.02856740579239219,8,2,0.25,0.8319438330785265,2.1360312858847337,0.0
T01,1359.8,30.0,ModeB_points,0,0.0,0.05713481158478438,0.02856740579239219,22,0,0.0,,,0.0
T01,1359.8,30.0,ModeA_points,1,0.06107848660741087,0.09579964422153776,0.07843906541447432,20,11,0.55,-0.5821724299368407,1.562831456046851,0.0
T01,1359.8,30.0,ModeB_points,1,0.06107848660741087,0.09579964422153776,0.07843906541447432,8,7,0.875,0.734857322937863,1.790182570471389,0.0
T01,1359.8,30.0,ModeA_points,2,0.09595598973828504,0.11436362903002245,0.10515980938415374,10,3,0.3,0.06933266380932013,0.47667612658589453,0.0
T01,1359.8,30.0,ModeB_points,2,0.09595598973828504,0.11436362903002245,0.10515980938415374,8,5,0.625,-1.5968704845146826,0.5495643341074263,0.0
T01,1359.8,30.0,ModeA_points,3,0.1143709157264579,0.13421207697912105,0.12429149635278947,8,4,0.5,0.007617530917720106,0.7181396129481423,0.0
T01,1359.8,30.0,ModeB_points,3,0.1143709157264579,0.13421207697912105,0.12429149635278947,25,10,0.4,-1.0991779730192772,0.9374839740131173,0.0
T01,1359.8,30.0,ModeA_points,4,0.13424649944152856,0.14409152666373679,0.13916901305263268,8,5,0.625,-1.0961509001046421,0.30966590724108967,0.0
T01,1359.8,30.0,ModeB_points,4,0.13424649944152856,0.14409152666373679,0.13916901305263268,30,8,0.26666666666666666,-1.2164399771754018,1.1976406094576781,0.0
T01,1359.8,30.0,ModeA_points,5,0.14464668789571283,0.15640064420804714,0.15052366605188,8,3,0.375,1.367950739751329,0.1909755970454916,0.0
T01,1359.8,30.0,ModeB_points,5,0.14464668789571283,0.15640064420804714,0.15052366605188,32,14,0.4375,-1.24921661492486,1.120337047087111,0.0
T01,1359.8,30.0,ModeA_points,6,0.1564143250918949,0.16164814149591195,0.15903123329390342,8,3,0.375,0.3880834997215783,0.11278890987228563,0.0
T01,1359.8,30.0,ModeB_points,6,0.1564143250918949,0.16164814149591195,0.15903123329390342,14,5,0.35714285714285715,-1.7488030498387628,0.7827866692276542,0.0
T01,1359.8,30.0,ModeA_points,7,0.16177063886555873,1.0,0.5808853194327793,244,170,0.6967213114754098,-0.2822313059835117,1.0369444088552309,0.0
T01,1359.8,30.0,ModeB_points,7,0.16177063886555873,1.0,0.5808853194327793,183,101,0.5519125683060109,-0.3375156529757499,1.1587386595594824,0.0
T02,1359.47,30.0,ModeA_points,0,0.0,0.015881641808948754,0.007940820904474377,8,0,0.0,,,0.0
T02,1359.47,30.0,ModeB_points,0,0.0,0.015881641808948754,0.007940820904474377,8,2,0.25,-1.6681987011982584,0.11618828354197985,0.0
T02,1359.47,30.0,ModeA_points,1,0.017210057616487234,0.062196742537218144,0.03970340007685269,8,1,0.125,0.6021492843472938,0.0,0.0
T02,1359.47,30.0,ModeB_points,1,0.017210057616487234,0.062196742537218144,0.03970340007685269,9,4,0.4444444444444444,1.1415746617833316,0.434189485612507,0.0
T02,1359.47,30.0,ModeA_points,2,0.0670506107371015,0.09579964422153776,0.08142512747931963,18,5,0.2777777777777778,-0.1429654260526676,1.1790010820139476,0.0
T02,1359.47,30.0,ModeB_points,2,0.0670506107371015,0.09579964422153776,0.08142512747931963,8,3,0.375,-1.3137112677442995,0.4578854586635135,0.0
T02,1359.47,30.0,ModeA_points,3,0.09595598973828504,0.11436362903002245,0.10515980938415374,10,4,0.4,-1.3810707472387453,0.45906617011245987,0.0
T02,1359.47,30.0,ModeB_points,3,0.09595598973828504,0.11436362903002245,0.10515980938415374,8,5,0.625,-0.37966130733823755,0.9364042764279445,0.0
T02,1359.47,30.0,ModeA_points,4,0.1143709157264579,0.13421207697912105,0.12429149635278947,8,6,0.75,-1.6250782356269182,0.5893466037723409,0.0
T02,1359.47,30.0,ModeB_points,4,0.1143709157264579,0.13421207697912105,0.12429149635278947,25,6,0.24,-0.6453589297519112,1.4492422423083158,0.0
T02,1359.47,30.0,ModeA_points,5,0.13424649944152856,0.14409152666373679,0.13916901305263268,8,4,0.5,-0.4325721163109386,0.7076588257129769,0.0
T02,1359.47,30.0,ModeB_points,5,0.13424649944152856,0.14409152666373679,0.13916901305263268,30,12,0.4,-0.6081035880703243,1.3425828638692399,0.0
T02,1359.47,30.0,ModeA_points,6,0.14464668789571283,0.15640064420804714,0.15052366605188,8,4,0.5,-2.1719248342843174,0.39353522161804133,0.0
T02,1359.47,30.0,ModeB_points,6,0.14464668789571283,0.15640064420804714,0.15052366605188,32,12,0.375,-1.2303003772005678,1.3239960631753638,0.0
T02,1359.47,30.0,ModeA_points,7,0.1564143250918949,1.0,0.5782071625459475,252,151,0.5992063492063492,-1.0765107582322533,1.2735312831001293,0.0
T02,1359.47,30.0,ModeB_points,7,0.1564143250918949,1.0,0.5782071625459475,196,101,0.5153061224489796,-1.0531995673642076,1.2613861500816832,0.0
T03,1359.59,30.0,ModeA_points,0,0.0,0.048541040033943564,0.024270520016971782,8,1,0.125,-2.3257565455027773,0.0,0.0
T03,1359.59,30.0,ModeB_points,0,0.0,0.048541040033943564,0.024270520016971782,22,6,0.2727272727272727,1.5356893010687247,0.9883075376401707,0.0
T03,1359.59,30.0,ModeA_points,1,0.051367620690775585,0.09435548589472317,0.07286155329274938,19,4,0.21052631578947367,0.012443994139350156,1.1663245836653782,0.0
T03,1359.59,30.0,ModeB_points,1,0.051367620690775585,0.09435548589472317,0.07286155329274938,8,2,0.25,-1.233312088210403,0.49627514662951033,0.0
T03,1359.59,30.0,ModeA_points,2,0.09491169354212527,0.11407207354758034,0.10449188354485281,11,1,0.09090909090909091,-2.000957220170173,0.0,0.0
T03,1359.59,30.0,ModeB_points,2,0.09491169354212527,0.11407207354758034,0.10449188354485281,8,2,0.25,0.378015620228904,0.6759530089923256,0.0
T03,1359.59,30.0,ModeA_points,3,0.11436362903002245,0.13421207697912105,0.12428785300457175,8,1,0.125,-1.0655020111999796,0.0,0.0
T03,1359.59,30.0,ModeB_points,3,0.11436362903002245,0.13421207697912105,0.12428785300457175,26,2,0.07692307692307693,-1.12748731690405,0.4007949833240545,0.0
T03,1359.59,30.0,ModeA_points,4,0.13424649944152856,0.14409152666373679,0.13916901305263268,8,1,0.125,-1.665263673428505,0.0,0.0
T03,1359.59,30.0,ModeB_points,4,0.13424649944152856,0.14409152666373679,0.13916901305263268,30,3,0.1,-1.925890890977787,0.2540605681136925,0.0
T03,1359.59,30.0,ModeA_points,5,0.14464668789571283,0.15640064420804714,0.15052366605188,8,1,0.125,-2.4998608459451894,0.0,0.0
T03,1359.59,30.0,ModeB_points,5,0.14464668789571283,0.15640064420804714,0.15052366605188,32,3,0.09375,-2.4652865818775247,0.45507320441019816,0.0
T03,1359.59,30.0,ModeA_points,6,0.1564143250918949,0.16164814149591195,0.15903123329390342,8,3,0.375,-1.8484127098527627,0.6993697231359477,0.0
T03,1359.59,30.0,ModeB_points,6,0.1564143250918949,0.16164814149591195,0.15903123329390342,14,2,0.14285714285714285,-1.7331620138152777,1.205393083740218,0.0
T03,1359.59,30.0,ModeA_points,7,0.16177063886555873,1.0,0.5808853194327793,244,41,0.1680327868852459,-2.050121576856801,0.6963676769837277,0.0
T03,1359.59,30.0,ModeB_points,7,0.16177063886555873,1.0,0.5808853194327793,183,33,0.18032786885245902,-2.0005720675149528,0.541783672270626,0.0
T04,1359.68,30.0,ModeA_points,0,0.0,0.043984415623033825,0.021992207811516912,8,0,0.0,,,0.0
T04,1359.68,30.0,ModeB_points,0,0.0,0.043984415623033825,0.021992207811516912,20,0,0.0,,,0.0
T04,1359.68,30.0,ModeA_points,1,0.048541040033943564,0.09435548589472317,0.07144826296433338,21,0,0.0,,,0.0
T04,1359.68,30.0,ModeB_points,1,0.048541040033943564,0.09435548589472317,0.07144826296433338,8,0,0.0,,,0.0
T04,1359.68,30.0,ModeA_points,2,0.09491169354212527,0.11407207354758034,0.10449188354485281,11,1,0.09090909090909091,0.25768786947390776,0.0,0.0
T04,1359.68,30.0,ModeB_points,2,0.09491169354212527,0.11407207354758034,0.10449188354485281,8,1,0.125,-0.936462537028627,0.0,0.0
T04,1359.68,30.0,ModeA_points,3,0.11436362903002245,0.13421207697912105,0.12428785300457175,8,0,0.0,,,0.0
T04,1359.68,30.0,ModeB_points,3,0.11436362903002245,0.13421207697912105,0.12428785300457175,26,3,0.11538461538461539,-0.7163436503805642,1.5508485508304841,0.0
T04,1359.68,30.0,ModeA_points,4,0.13424649944152856,0.14409152666373679,0.13916901305263268,8,0,0.0,,,0.0
T04,1359.68,30.0,ModeB_points,4,0.13424649944152856,0.14409152666373679,0.13916901305263268,30,1,0.03333333333333333,0.6429643052000693,0.0,0.0
T04,1359.68,30.0,ModeA_points,5,0.14464668789571283,0.15640064420804714,0.15052366605188,8,0,0.0,,,0.0
T04,1359.68,30.0,ModeB_points,5,0.14464668789571283,0.15640064420804714,0.15052366605188,32,3,0.09375,1.7993397986825137,0.25217663654098477,0.0
T04,1359.68,30.0,ModeA_points,6,0.1564143250918949,0.16164814149591195,0.15903123329390342,8,0,0.0,,,0.0
T04,1359.68,30.0,ModeB_points,6,0.1564143250918949,0.16164814149591195,0.15903123329390342,14,2,0.14285714285714285,1.988902678052224,0.6345325773315387,0.0
T04,1359.68,30.0,ModeA_points,7,0.16177063886555873,1.0,0.5808853194327793,244,10,0.040983606557377046,1.8676402120511284,0.7814191271353326,0.0
T04,1359.68,30.0,ModeB_points,7,0.16177063886555873,1.0,0.5808853194327793,183,21,0.11475409836065574,2.1255182706310203,0.5716124672696008,0.0
T05,816.22,30.0,ModeA_points,0,0.0,0.0,0.0,20,20,1.0,-0.004352768596938894,0.3744596315179338,0.0
T05,816.22,30.0,ModeB_points,0,0.0,0.0,0.0,8,8,1.0,-0.23394954183295757,0.7272341392036061,0.0
T05,816.22,30.0,ModeA_points,1,0.0,0.0,0.0,8,8,1.0,0.16788527328852476,0.43739925373671706,0.0
T05,816.22,30.0,ModeB_points,1,0.0,0.0,0.0,20,20,1.0,0.3332469604824828,0.47413477852722163,0.0
T05,816.22,30.0,ModeA_points,2,0.0,0.0,0.0,11,11,1.0,0.17418840638983468,0.154152781446947,0.0
T05,816.22,30.0,ModeB_points,2,0.0,0.0,0.0,8,8,1.0,-0.6497405028765191,0.4571757724504244,0.0
T05,816.22,30.0,ModeA_points,3,0.0,0.0,0.0,8,8,1.0,-0.03251436328407786,0.44121904189112593,0.0
T05,816.22,30.0,ModeB_points,3,0.0,0.0,0.0,17,17,1.0,-0.6447075889402152,0.4448736739225181,0.0
T05,816.22,30.0,ModeA_points,4,0.0,0.00021834508988351643,0.00010917254494175821,13,13,1.0,0.22542986717339453,0.2125856322791959,0.0
T05,816.22,30.0,ModeB_points,4,0.0,0.00021834508988351643,0.00010917254494175821,8,7,0.875,-0.2642995550216529,0.7398530970668968,0.0
T05,816.22,30.0,ModeA_points,5,0.00023996203453704985,0.0007853330412628053,0.0005126475378999276,8,8,1.0,-0.14454223872186178,0.2631644228805161,0.0
T05,816.22,30.0,ModeB_points,5,0.00023996203453704985,0.0007853330412628053,0.0005126475378999276,8,8,1.0,-0.9897891219565897,0.48702321290068706,0.0
T05,816.22,30.0,ModeA_points,6,0.0008910316481330952,0.002436479479628855,0.0016637555638809752,20,20,1.0,-0.12061030955246332,0.312921413867437,0.0
T05,816.22,30.0,ModeB_points,6,0.0008910316481330952,0.002436479479628855,0.0016637555638809752,8,8,1.0,0.1268926067696401,0.5438813746291213,0.0
T05,816.22,30.0,ModeA_points,7,0.0027082085122655773,1.0,0.5013541042561328,440,166,0.37727272727272726,-0.2525552503222217,0.781205782472103,0.0
T05,816.22,30.0,ModeB_points,7,0.0027082085122655773,1.0,0.5013541042561328,449,142,0.31625835189309576,-0.6450282701018191,1.000887719871558,0.0
T06,874.45,30.0,ModeA_points,0,0.0,0.018753198273131738,0.009376599136565869,8,1,0.125,-2.4391693292417664,0.0,0.0
T06,874.45,30.0,ModeB_points,0,0.0,0.018753198273131738,0.009376599136565869,11,2,0.18181818181818182,0.48104710453707034,2.5099614898888203,0.0
T06,874.45,30.0,ModeA_points,1,0.019162971199893998,0.07184444105402643,0.04550370612696021,8,5,0.625,0.20952339044669444,1.0142715206205466,0.0
T06,874.45,30.0,ModeB_points,1,0.019162971199893998,0.07184444105402643,0.04550370612696021,8,3,0.375,0.9054023918928293,0.24849676367855023,0.0
T06,874.45,30.0,ModeA_points,2,0.07201392980722905,0.09579964422153776,0.08390678701438341,14,3,0.21428571428571427,0.1607267042142606,0.41492902235298823,0.0
T06,874.45,30.0,ModeB_points,2,0.07201392980722905,0.09579964422153776,0.08390678701438341,8,3,0.375,0.41014530570643926,0.8735037555405167,0.0
T06,874.45,30.0,ModeA_points,3,0.09595598973828504,0.11407207354758034,0.10501403164293269,10,3,0.3,-0.46433773795541766,0.5543918808264023,0.0
T06,874.45,30.0,ModeB_points,3,0.09595598973828504,0.11407207354758034,0.10501403164293269,8,2,0.25,-0.29622611317654113,0.7958761793857481,0.0
T06,874.45,30.0,ModeA_points,4,0.11436362903002245,0.13421207697912105,0.12428785300457175,8,3,0.375,-2.291483000415271,0.4602465722273612,0.0
T06,874.45,30.0,ModeB_points,4,0.11436362903002245,0.13421207697912105,0.12428785300457175,26,11,0.4230769230769231,-0.4317703768875347,0.9701709451639151,0.0
T06,874.45,30.0,ModeA_points,5,0.13424649944152856,0.14409152666373679,0.13916901305263268,8,4,0.5,-0.7341196213283334,0.7343089205931852,0.0
T06,874.45,30.0,ModeB_points,5,0.13424649944152856,0.14409152666373679,0.13916901305263268,30,6,0.2,-0.8003889211980706,1.4257721048110088,0.0
T06,874.45,30.0,ModeA_points,6,0.14464668789571283,0.15640064420804714,0.15052366605188,8,4,0.5,-1.3151990450392748,0.28133047732542726,0.0
T06,874.45,30.0,ModeB_points,6,0.14464668789571283,0.15640064420804714,0.15052366605188,32,10,0.3125,-0.47128492104387276,0.9693972570766196,0.0
T06,874.45,30.0,ModeA_points,7,0.1564143250918949,1.0,0.5782071625459475,252,75,0.2976190476190476,-0.7951594173587773,1.083954114244937,0.0
T06,874.45,30.0,ModeB_points,7,0.1564143250918949,1.0,0.5782071625459475,195,70,0.358974358974359,-0.7408128477709517,1.0978317544389284,0.0
T07,874.37,30.0,ModeA_points,0,0.0,0.015284514264514616,0.007642257132257308,8,0,0.0,,,0.0
T07,874.37,30.0,ModeB_points,0,0.0,0.015284514264514616,0.007642257132257308,8,0,0.0,,,0.0
T07,874.37,30.0,ModeA_points,1,0.015881641808948754,0.06747199444471903,0.041676818126833895,8,1,0.125,0.6901514606681598,0.0,0.0
T07,874.37,30.0,ModeB_points,1,0.015881641808948754,0.06747199444471903,0.041676818126833895,9,0,0.0,,,0.0
T07,874.37,30.0,ModeA_points,2,0.07184444105402643,0.09579964422153776,0.08382204263778209,15,4,0.26666666666666666,0.6429616069283546,0.5077323834293224,0.0
T07,874.37,30.0,ModeB_points,2,0.07184444105402643,0.09579964422153776,0.08382204263778209,8,2,0.25,1.6141425149367261,0.38281338036381496,0.0
T07,874.37,30.0,ModeA_points,3,0.09595598973828504,0.11407207354758034,0.10501403164293269,10,1,0.1,-0.6718414178342158,0.0,0.0
T07,874.37,30.0,ModeB_points,3,0.09595598973828504,0.11407207354758034,0.10501403164293269,8,3,0.375,-2.126515311964014,0.7115949695307142,0.0
T07,874.37,30.0,ModeA_points,4,0.11436362903002245,0.13421207697912105,0.12428785300457175,8,1,0.125,-1.388314803384669,0.0,0.0
T07,874.37,30.0,ModeB_points,4,0.11436362903002245,0.13421207697912105,0.12428785300457175,25,2,0.08,2.3439273812263197,0.47096152167753624,0.0
T07,874.37,30.0,ModeA_points,5,0.13424649944152856,0.14409152666373679,0.13916901305263268,8,2,0.25,1.1709686492652238,1.1195687112464505,0.0
T07,874.37,30.0,ModeB_points,5,0.13424649944152856,0.14409152666373679,0.13916901305263268,29,4,0.13793103448275862,1.981387227322828,0.6262009249329912,0.0
T07,874.37,30.0,ModeA_points,6,0.14464668789571283,0.15640064420804714,0.15052366605188,8,1,0.125,-1.1177922738113535,0.0,0.0
T07,874.37,30.0,ModeB_points,6,0.14464668789571283,0.15640064420804714,0.15052366605188,32,6,0.1875,1.5605463952123344,0.7386538006419543,0.0
T07,874.37,30.0,ModeA_points,7,0.1564143250918949,1.0,0.5782071625459475,250,42,0.168,1.703855682554885,0.8965829258177478,0.0
T07,874.37,30.0,ModeB_points,7,0.1564143250918949,1.0,0.5782071625459475,194,48,0.24742268041237114,1.506391519448902,0.6104776788101669,0.0
T08,816.28,30.0,ModeA_points,0,0.0,0.008326960849381823,0.0041634804246909116,8,1,0.125,0.6519627220175375,0.0,0.0
T08,816.28,30.0,ModeB_points,0,0.0,0.008326960849381823,0.0041634804246909116,14,0,0.0,,,0.0
T08,816.28,30.0,ModeA_points,1,0.008967904875094142,0.038125797317494714,0.023546851096294428,8,0,0.0,,,0.0
T08,816.28,30.0,ModeB_points,1,0.008967904875094142,0.038125797317494714,0.023546851096294428,12,0,0.0,,,0.0
T08,816.28,30.0,ModeA_points,2,0.04010503661168713,0.0937040799210259,0.06690455826635652,19,4,0.21052631578947367,1.4667169798195434,0.22007848943408725,0.0
T08,816.28,30.0,ModeB_points,2,0.04010503661168713,0.0937040799210259,0.06690455826635652,8,4,0.5,2.109305064341484,0.36670218727198267,0.0
T08,816.28,30.0,ModeA_points,3,0.09392100290502718,0.11275504042990159,0.10333802166746439,11,6,0.5454545454545454,1.747813621526917,0.5850313236316638,0.0
T08,816.28,30.0,ModeB_points,3,0.09392100290502718,0.11275504042990159,0.10333802166746439,8,4,0.5,2.257445652043312,0.4672359673458475,0.0
T08,816.28,30.0,ModeA_points,4,0.11344320897470704,0.13139155583165735,0.1224173824031822,8,5,0.625,1.691251240824844,0.26857856806863944,0.0
T08,816.28,30.0,ModeB_points,4,0.11344320897470704,0.13139155583165735,0.1224173824031822,23,8,0.34782608695652173,0.9783575566067297,0.829862272064192,0.0
T08,816.28,30.0,ModeA_points,5,0.13295995114512651,0.14224850932456348,0.137604230234845,8,2,0.25,2.5031011962244083,0.2633130928817158,0.0
T08,816.28,30.0,ModeB_points,5,0.13295995114512651,0.14224850932456348,0.137604230234845,26,12,0.46153846153846156,1.4830533749841914,0.7053736546544744,0.0
T08,816.28,30.0,ModeA_points,6,0.14284890977649484,0.15510687450173918,0.148977892139117,8,3,0.375,0.9347632994059243,1.4806459528574676,0.0
T08,816.28,30.0,ModeB_points,6,0.14284890977649484,0.15510687450173918,0.148977892139117,37,23,0.6216216216216216,1.4672842345559536,0.5142448191194644,0.0
T08,816.28,30.0,ModeA_points,7,0.1553933859759288,1.0,0.5776966929879644,247,103,0.41700404858299595,1.5962363795868661,0.8059268105692468,0.0
T08,816.28,30.0,ModeB_points,7,0.1553933859759288,1.0,0.5776966929879644,197,62,0.3147208121827411,1.771738275929788,0.6785641941945149,0.0
T09,816.15,30.0,ModeA_points,0,0.0,0.01434363110586279,0.007171815552931395,8,0,0.0,,,0.0
T09,816.15,30.0,ModeB_points,0,0.0,0.01434363110586279,0.007171815552931395,17,0,0.0,,,0.0
T09,816.15,30.0,ModeA_points,1,0.015284514264514616,0.06107848660741087,0.038181500435962745,8,2,0.25,0.9478085414252932,1.0724706443598153,0.0
T09,816.15,30.0,ModeB_points,1,0.015284514264514616,0.06107848660741087,0.038181500435962745,11,2,0.18181818181818182,0.43128434950294037,1.4910711979331122,0.0
T09,816.15,30.0,ModeA_points,2,0.062196742537218144,0.09579964422153776,0.07899819337937795,18,16,0.8888888888888888,0.2990056284136402,0.7673920048606202,0.0
T09,816.15,30.0,ModeB_points,2,0.062196742537218144,0.09579964422153776,0.07899819337937795,8,6,0.75,-0.2293196179724728,0.40687865317701066,0.0
T09,816.15,30.0,ModeA_points,3,0.09595598973828504,0.1143709157264579,0.10516345273237146,10,9,0.9,-1.105952114020893,0.3482197559511897,0.0
T09,816.15,30.0,ModeB_points,3,0.09595598973828504,0.1143709157264579,0.10516345273237146,8,5,0.625,-0.10493528287995035,0.16178023277490183,0.0
T09,816.15,30.0,ModeA_points,4,0.1149749193663048,0.13421207697912105,0.12459349817271292,8,7,0.875,1.42253974366993,0.9577939582714357,0.0
T09,816.15,30.0,ModeB_points,4,0.1149749193663048,0.13421207697912105,0.12459349817271292,24,17,0.7083333333333334,0.24907945331711856,1.0749252048858593,0.0
T09,816.15,30.0,ModeA_points,5,0.13424649944152856,0.14409152666373679,0.13916901305263268,8,7,0.875,0.8031980068567304,0.5148577554492522,0.0
T09,816.15,30.0,ModeB_points,5,0.13424649944152856,0.14409152666373679,0.13916901305263268,30,22,0.7333333333333333,-0.8803390534705009,1.062166117048852,0.0
T09,816.15,30.0,ModeA_points,6,0.14464668789571283,0.1578652375763211,0.15125596273601696,8,6,0.75,-0.49699217822801023,1.1057775053074534,0.0
T09,816.15,30.0,ModeB_points,6,0.14464668789571283,0.1578652375763211,0.15125596273601696,31,22,0.7096774193548387,-0.9507588499859743,1.0546431326475698,0.0
T09,816.15,30.0,ModeA_points,7,0.15792800307323482,1.0,0.5789640015366174,248,199,0.8024193548387096,0.47920144053784064,1.3297703163577657,0.0
T09,816.15,30.0,ModeB_points,7,0.15792800307323482,1.0,0.5789640015366174,191,142,0.743455497382199,0.1524165266200499,1.0179811718592207,0.0
T10,1359.91,30.0,ModeA_points,0,0.0,0.018753198273131738,0.009376599136565869,8,1,0.125,0.43920265543044645,0.0,0.0
T10,1359.91,30.0,ModeB_points,0,0.0,0.018753198273131738,0.009376599136565869,9,0,0.0,,,0.0
T10,1359.91,30.0,ModeA_points,1,0.02195416985045082,0.08975723393690346,0.05585570189367714,17,3,0.17647058823529413,0.9278432986579448,0.3472245422850819,0.0
T10,1359.91,30.0,ModeB_points,1,0.02195416985045082,0.08975723393690346,0.05585570189367714,8,1,0.125,-0.8378432322075469,0.0,0.0
T10,1359.91,30.0,ModeA_points,2,0.09231208887500916,0.10148953939503402,0.09690081413502159,8,0,0.0,,,0.0
T10,1359.91,30.0,ModeB_points,2,0.09231208887500916,0.10148953939503402,0.09690081413502159,8,3,0.375,0.4285032498576191,1.7150035202864773,0.0
T10,1359.91,30.0,ModeA_points,3,0.10245239549485945,0.11692666445934849,0.10968952997710396,8,3,0.375,2.944001003700719,0.025297516335059722,0.0
T10,1359.91,30.0,ModeB_points,3,0.10245239549485945,0.11692666445934849,0.10968952997710396,8,1,0.125,-1.0690038164071065,0.0,0.0
T10,1359.91,30.0,ModeA_points,4,0.11712097846963888,0.13649042807141726,0.12680570327052806,8,4,0.5,1.7914934886834328,0.36199737714476443,0.0
T10,1359.91,30.0,ModeB_points,4,0.11712097846963888,0.13649042807141726,0.12680570327052806,31,10,0.3225806451612903,0.6435884272467685,0.9089658412789041,0.0
T10,1359.91,30.0,ModeA_points,5,0.1364910416520214,0.14625930619176128,0.14137517392189133,8,3,0.375,1.4481825256369918,1.2647846788089465,0.0
T10,1359.91,30.0,ModeB_points,5,0.1364910416520214,0.14625930619176128,0.14137517392189133,28,12,0.42857142857142855,1.2948670140420595,1.2442765954952604,0.0
T10,1359.91,30.0,ModeA_points,6,0.14635301873484563,0.15820180894333458,0.1522774138390901,8,3,0.375,1.6954367305531948,0.9239549352343968,0.0
T10,1359.91,30.0,ModeB_points,6,0.14635301873484563,0.15820180894333458,0.1522774138390901,29,14,0.4827586206896552,0.8874199493082466,1.2820464763868713,0.0
T10,1359.91,30.0,ModeA_points,7,0.15887723277031496,1.0,0.5794386163851575,250,75,0.3,0.459368013238187,1.6058393879568875,0.0
T10,1359.91,30.0,ModeB_points,7,0.15887723277031496,1.0,0.5794386163851575,193,77,0.39896373056994816,0.6218431406924996,1.5267644721632,0.0
T11,1529.53,30.0,ModeA_points,0,0.0,0.0042816172199738175,0.0021408086099869088,9,2,0.2222222222222222,0.9573848414542132,0.07186306075260429,0.0
T11,1529.53,30.0,ModeB_points,0,0.0,0.0042816172199738175,0.0021408086099869088,8,1,0.125,0.2622093162643022,0.0,0.0
T11,1529.53,30.0,ModeA_points,1,0.004504712441963285,0.008326960849381823,0.006415836645672554,8,3,0.375,-0.7549905755112976,0.7858267280584901,0.0
T11,1529.53,30.0,ModeB_points,1,0.004504712441963285,0.008326960849381823,0.006415836645672554,8,0,0.0,,,0.0
T11,1529.53,30.0,ModeA_points,2,0.008668643836958595,0.030879376861284648,0.019774010349121622,8,4,0.5,0.5431369505029,0.8863752302222354,0.0
T11,1529.53,30.0,ModeB_points,2,0.008668643836958595,0.030879376861284648,0.019774010349121622,14,1,0.07142857142857142,1.3811074203401699,0.0,0.0
T11,1529.53,30.0,ModeA_points,3,0.03335996928294117,0.08975723393690346,0.06155860160992231,21,15,0.7142857142857143,-0.6558872085923619,0.8441172148356713,0.0
T11,1529.53,30.0,ModeB_points,3,0.03335996928294117,0.08975723393690346,0.06155860160992231,8,4,0.5,-1.2347130283293901,0.5961770919619583,0.0
T11,1529.53,30.0,ModeA_points,4,0.09231208887500916,0.10118479121237821,0.09674844004369368,8,7,0.875,-1.270205972640838,0.8362258839752457,0.0
T11,1529.53,30.0,ModeB_points,4,0.09231208887500916,0.10118479121237821,0.09674844004369368,8,4,0.5,-1.460689650297069,0.415425214935327,0.0
T11,1529.53,30.0,ModeA_points,5,0.10148953939503402,0.11643934714749697,0.1089644432712655,8,6,0.75,-0.5985260559126392,0.828550375284072,0.0
T11,1529.53,30.0,ModeB_points,5,0.10148953939503402,0.11643934714749697,0.1089644432712655,8,7,0.875,-1.5595907716128323,0.7915572013448409,0.0
T11,1529.53,30.0,ModeA_points,6,0.11652887565547346,0.13504043365178653,0.12578465465362998,8,4,0.5,-1.501061670582056,0.5045047923157223,0.0
T11,1529.53,30.0,ModeB_points,6,0.11652887565547346,0.13504043365178653,0.12578465465362998,26,13,0.5,-1.5149550378068553,0.5919748005388275,0.0
T11,1529.53,30.0,ModeA_points,7,0.1350774234981688,1.0,0.5675387117490844,267,204,0.7640449438202247,-0.8336172156042244,0.8575139537750215,0.0
T11,1529.53,30.0,ModeB_points,7,0.1350774234981688,1.0,0.5675387117490844,255,149,0.5843137254901961,-1.1328242597246079,0.8392259215680022,0.0
T12,816.35,30.0,ModeA_points,0,0.0,0.009073354318174024,0.004536677159087012,8,0,0.0,,,0.0
T12,816.35,30.0,ModeB_points,0,0.0,0.009073354318174024,0.004536677159087012,8,0,0.0,,,0.0
T12,816.35,30.0,ModeA_points,1,0.009706518236403875,0.0670506107371015,0.03837856448675269,8,1,0.125,0.6084397296697968,0.0,0.0
T12,816.35,30.0,ModeB_points,1,0.009706518236403875,0.0670506107371015,0.03837856448675269,12,0,0.0,,,0.0
T12,816.35,30.0,ModeA_points,2,0.06747199444471903,0.09579964422153776,0.0816358193331284,16,10,0.625,-1.0635237794069838,1.3432911848652398,0.0
T12,816.35,30.0,ModeB_points,2,0.06747199444471903,0.09579964422153776,0.0816358193331284,8,6,0.75,-0.1529434262332081,0.8933552960002267,0.0
T12,816.35,30.0,ModeA_points,3,0.09595598973828504,0.11407207354758034,0.10501403164293269,10,5,0.5,0.43265691842586884,1.8617561118797963,0.0
T12,816.35,30.0,ModeB_points,3,0.09595598973828504,0.11407207354758034,0.10501403164293269,8,6,0.75,-0.3533205152832233,0.6000649351675205,0.0
T12,816.35,30.0,ModeA_points,4,0.11436362903002245,0.13421207697912105,0.12428785300457175,8,6,0.75,-0.9648051373093813,0.8380953456455903,0.0
T12,816.35,30.0,ModeB_points,4,0.11436362903002245,0.13421207697912105,0.12428785300457175,26,10,0.38461538461538464,-0.380703465962442,1.1105183162724774,0.0
T12,816.35,30.0,ModeA_points,5,0.13424649944152856,0.14409152666373679,0.13916901305263268,8,6,0.75,-0.7642713997343187,0.9043891365938557,0.0
T12,816.35,30.0,ModeB_points,5,0.13424649944152856,0.14409152666373679,0.13916901305263268,30,17,0.5666666666666667,-0.44409506711393165,1.7540395724713176,0.0
T12,816.35,30.0,ModeA_points,6,0.14464668789571283,0.15820180894333458,0.1514242484195237,8,3,0.375,-0.406570527197224,1.928674067073989,0.0
T12,816.35,30.0,ModeB_points,6,0.14464668789571283,0.15820180894333458,0.1514242484195237,36,14,0.3888888888888889,-0.14169235824685256,1.8937929883570772,0.0
T12,816.35,30.0,ModeA_points,7,0.15887723277031496,1.0,0.5794386163851575,242,166,0.6859504132231405,-0.2523969771644886,1.2827838540875542,0.0
T12,816.35,30.0,ModeB_points,7,0.15887723277031496,1.0,0.5794386163851575,186,110,0.5913978494623656,-0.3269753779338984,1.5070133987951242,0.0
