shift_app,shift_dis,chi2_sm_total,chi2_geo_total,delta_total,pos_channels,lock_ok,delta_T2K_app_FHC,delta_T2K_app_RHC,delta_T2K_dis_FHC,delta_T2K_dis_RHC
0,0,259.210200905533,258.31064930109176,0.8995516044412284,3,True,0.6527932640918692,0.2591903961456907,-0.027561886172904337,0.015129830376530151
0,-1,1471.4982613596276,1470.5872892746181,0.9109720850094618,3,True,0.6527932640918692,0.2591903961456907,0.03879250536101608,-0.039804080589263435
0,1,2129.610957838912,2128.6300390524307,0.9809187864811975,4,True,0.6527932640918692,0.2591903961456907,0.029049558099359274,0.03988556814408639
-4,0,2151.8330650748026,2150.956302265651,0.876762809151387,3,True,0.772932778574841,0.1162620863731263,-0.027561886172904337,0.015129830376530151
0,2,2550.2598242371478,2549.2991704644546,0.9606537726931492,4,True,0.6527932640918692,0.2591903961456907,0.01813847976472971,0.03053163269134984
2,0,3164.9624584417916,3163.9569163760107,1.0055420657809009,3,True,0.8907638572184169,0.12721026435883687,-0.027561886172904337,0.015129830376530151
3,0,3258.4820381597156,3257.396243004173,1.0857951555426553,3,True,0.5885826894959791,0.5096445218432564,-0.027561886172904337,0.015129830376530151
-4,-1,3364.121125528897,3363.2329422391776,0.8881832897195636,3,True,0.772932778574841,0.1162620863731263,0.03879250536101608,-0.039804080589263435
1,0,3462.566353518168,3461.950200040737,0.6161534774309985,3,True,0.40855707238051764,0.22002846084706107,-0.027561886172904337,0.015129830376530151
0,3,3841.221038219233,3840.228279562347,0.9927586568860534,4,True,0.6527932640918692,0.2591903961456907,0.04279021866932453,0.037984777979318096
-4,1,4022.2338220081815,4021.27569201699,0.9581299911915266,4,True,0.772932778574841,0.1162620863731263,0.029049558099359274,0.03988556814408639
4,0,4343.439364374383,4342.798594200525,0.6407701738580727,3,True,0.23041497683607304,0.4227872528182388,-0.027561886172904337,0.015129830376530151
0,4,4363.34049047594,4362.343122775626,0.997367700313589,4,True,0.6527932640918692,0.2591903961456907,0.0441168502252367,0.0412671898507142
2,-1,4377.250518895886,4376.233556349537,1.0169625463486227,3,True,0.8907638572184169,0.12721026435883687,0.03879250536101608,-0.039804080589263435
-4,2,4442.882688406417,4441.944823429014,0.9378649774034784,4,True,0.772932778574841,0.1162620863731263,0.01813847976472971,0.03053163269134984
3,-1,4470.77009861381,4469.672882977699,1.097215636110377,3,True,0.5885826894959791,0.5096445218432564,0.03879250536101608,-0.039804080589263435
1,-1,4674.854413972262,4674.226840014263,0.6275739579987203,3,True,0.40855707238051764,0.22002846084706107,0.03879250536101608,-0.039804080589263435
2,1,5035.3632153751705,5034.276306127349,1.0869092478214952,4,True,0.8907638572184169,0.12721026435883687,0.029049558099359274,0.03988556814408639
0,5,5055.656176836076,5054.671377544977,0.9847992910990797,4,True,0.6527932640918692,0.2591903961456907,0.03746743645024253,0.03534819441142645
3,1,5128.8827950930945,5127.715632755511,1.1671623375832496,4,True,0.5885826894959791,0.5096445218432564,0.029049558099359274,0.03988556814408639
1,1,5332.967110451546,5332.269589792076,0.6975206594706833,4,True,0.40855707238051764,0.22002846084706107,0.029049558099359274,0.03988556814408639
2,2,5456.012081773407,5454.945437539373,1.066644234033447,4,True,0.8907638572184169,0.12721026435883687,0.01813847976472971,0.03053163269134984
3,2,5549.531661491331,5548.384764167536,1.1468973237952014,4,True,0.5885826894959791,0.5096445218432564,0.01813847976472971,0.03053163269134984
4,-1,5555.7274248284775,5555.075234174052,0.6521906544257945,3,True,0.23041497683607304,0.4227872528182388,0.03879250536101608,-0.039804080589263435
-4,3,5733.843902388502,5732.873932526906,0.9699698615959278,4,True,0.772932778574841,0.1162620863731263,0.04279021866932453,0.037984777979318096
1,2,5753.615976849783,5752.938721204099,0.6772556456835446,4,True,0.40855707238051764,0.22002846084706107,0.01813847976472971,0.03053163269134984
0,6,6064.854140974789,6063.850704728045,1.0034362467440587,4,True,0.6527932640918692,0.2591903961456907,0.04778940429696377,0.043663182209002116
4,1,6213.840121307762,6213.1179839518645,0.7221373558977575,4,True,0.23041497683607304,0.4227872528182388,0.029049558099359274,0.03988556814408639
-4,4,6255.96335464521,6254.988775740186,0.9745789050239182,4,True,0.772932778574841,0.1162620863731263,0.0441168502252367,0.0412671898507142
0,7,6552.33997888464,6551.332024687374,1.007954197266372,4,True,0.6527932640918692,0.2591903961456907,0.05285546815866837,0.043115068870292816
4,2,6634.488987705999,6633.787115363888,0.7018723421106188,4,True,0.23041497683607304,0.4227872528182388,0.01813847976472971,0.03053163269134984
2,3,6746.973295755492,6745.874546637266,1.0987491182258964,4,True,0.8907638572184169,0.12721026435883687,0.04279021866932453,0.037984777979318096
3,3,6840.492875473416,6839.313873265428,1.1790022079876508,4,True,0.5885826894959791,0.5096445218432564,0.04279021866932453,0.037984777979318096
-4,5,6948.279041005346,6947.3170305095355,0.9620104958103184,4,True,0.772932778574841,0.1162620863731263,0.03746743645024253,0.03534819441142645
1,3,7044.5771908318675,7043.867830301992,0.7093605298750845,4,True,0.40855707238051764,0.22002846084706107,0.04279021866932453,0.037984777979318096
2,4,7269.092748012198,7267.989389850546,1.1033581616520678,4,True,0.8907638572184169,0.12721026435883687,0.0441168502252367,0.0412671898507142
3,4,7362.612327730122,7361.428716478708,1.1836112514138222,4,True,0.5885826894959791,0.5096445218432564,0.0441168502252367,0.0412671898507142
0,8,7364.926083386219,7363.906328150282,1.0197552359368274,4,True,0.6527932640918692,0.2591903961456907,0.059050432704680134,0.04872114299405439
1,4,7566.696643088575,7565.982673515272,0.7139695733030749,4,True,0.40855707238051764,0.22002846084706107,0.0441168502252367,0.0412671898507142
0,9,7746.818874704173,7745.800032092032,1.0188426121412704,4,True,0.6527932640918692,0.2591903961456907,0.056391267498838715,0.05046768440524829
4,3,7925.450201688083,7924.71622446178,0.7339772263030682,4,True,0.23041497683607304,0.4227872528182388,0.04279021866932453,0.037984777979318096
-4,6,7957.477005144058,7956.496357692604,0.9806474514543879,4,True,0.772932778574841,0.1162620863731263,0.04778940429696377,0.043663182209002116
2,5,7961.408434372335,7960.317644619896,1.0907897524393775,4,True,0.8907638572184169,0.12721026435883687,0.03746743645024253,0.03534819441142645
3,5,8054.928014090259,8053.756971248058,1.1710428422011319,4,True,0.5885826894959791,0.5096445218432564,0.03746743645024253,0.03534819441142645
0,10,8094.436721575199,8093.421916783451,1.0148047917482472,4,True,0.6527932640918692,0.2591903961456907,0.057377177166017646,0.045443954344591475
0,11,8096.384398236714,8095.382813312999,1.0015849237151997,4,True,0.6527932640918692,0.2591903961456907,0.04959775226689089,0.04000351121112544
0,12,8176.091808244002,8175.105728430166,0.9860798138361133,4,True,0.6527932640918692,0.2591903961456907,0.03997173667357856,0.03412441692489665
1,5,8259.012329448711,8258.310928284622,0.7014011640894751,4,True,0.40855707238051764,0.22002846084706107,0.03746743645024253,0.03534819441142645
-4,7,8444.96284305391,8443.977677651934,0.9851654019767011,4,True,0.772932778574841,0.1162620863731263,0.05285546815866837,0.043115068870292816
4,4,8447.56965394479,8446.83106767506,0.7385862697301491,4,True,0.23041497683607304,0.4227872528182388,0.0441168502252367,0.0412671898507142
2,6,8970.606398511047,8969.496971802964,1.1094267080825375,4,True,0.8907638572184169,0.12721026435883687,0.04778940429696377,0.043663182209002116
3,6,9064.12597822897,9062.936298431126,1.189679797844292,4,True,0.5885826894959791,0.5096445218432564,0.04778940429696377,0.043663182209002116
4,5,9139.885340304927,9139.159322444411,0.7260178605156398,4,True,0.23041497683607304,0.4227872528182388,0.03746743645024253,0.03534819441142645
-4,8,9257.54894755549,9256.551981114842,0.9969664406471566,4,True,0.772932778574841,0.1162620863731263,0.059050432704680134,0.04872114299405439
1,6,9268.210293587423,9267.49025546769,0.7200381197326351,4,True,0.40855707238051764,0.22002846084706107,0.04778940429696377,0.043663182209002116
2,7,9458.0922364209,9456.978291762292,1.1139446586075792,4,True,0.8907638572184169,0.12721026435883687,0.05285546815866837,0.043115068870292816
3,7,9551.611816138824,9550.417618390455,1.1941977483693336,4,True,0.5885826894959791,0.5096445218432564,0.05285546815866837,0.043115068870292816
-4,9,9639.441738873444,9638.445685056591,0.996053816852509,4,True,0.772932778574841,0.1162620863731263,0.056391267498838715,0.05046768440524829
1,7,9755.696131497276,9754.97157542702,0.7245560702558578,4,True,0.40855707238051764,0.22002846084706107,0.05285546815866837,0.043115068870292816
-4,10,9987.05958574447,9986.067569748011,0.9920159964585764,4,True,0.772932778574841,0.1162620863731263,0.057377177166017646,0.045443954344591475
-4,11,9989.007262405985,9988.02846627756,0.9787961284255289,4,True,0.772932778574841,0.1162620863731263,0.04959775226689089,0.04000351121112544
-4,12,10068.714672413273,10067.751381394726,0.9632910185464425,4,True,0.772932778574841,0.1162620863731263,0.03997173667357856,0.03412441692489665
4,6,10149.083304443639,10148.33864962748,0.7446548161587998,4,True,0.23041497683607304,0.4227872528182388,0.04778940429696377,0.043663182209002116
2,8,10270.678340922477,10269.552595225203,1.1257456972743967,4,True,0.8907638572184169,0.12721026435883687,0.059050432704680134,0.04872114299405439
3,8,10364.197920640403,10362.991921853365,1.20599878703797,4,True,0.5885826894959791,0.5096445218432564,0.059050432704680134,0.04872114299405439
1,8,10568.282235998855,10567.545878889929,0.7363571089263132,4,True,0.40855707238051764,0.22002846084706107,0.059050432704680134,0.04872114299405439
4,7,10636.569142353492,10635.819969586808,0.7491727666838415,4,True,0.23041497683607304,0.4227872528182388,0.05285546815866837,0.043115068870292816
2,9,10652.571132240433,10651.446299166952,1.1248330734815681,4,True,0.8907638572184169,0.12721026435883687,0.056391267498838715,0.05046768440524829
3,9,10746.090711958357,10744.885625795114,1.2050861632433225,4,True,0.5885826894959791,0.5096445218432564,0.056391267498838715,0.05046768440524829
1,9,10950.175027316809,10949.439582831677,0.7354444851316657,4,True,0.40855707238051764,0.22002846084706107,0.056391267498838715,0.05046768440524829
2,10,11000.188979111457,10999.06818385837,1.1207952530876355,4,True,0.8907638572184169,0.12721026435883687,0.057377177166017646,0.045443954344591475
2,11,11002.136655772974,11001.029080387918,1.107575385056407,4,True,0.8907638572184169,0.12721026435883687,0.04959775226689089,0.04000351121112544
2,12,11081.844065780262,11080.751995505087,1.0920702751755016,4,True,0.8907638572184169,0.12721026435883687,0.03997173667357856,0.03412441692489665
3,10,11093.708558829383,11092.507510486532,1.2010483428512089,4,True,0.5885826894959791,0.5096445218432564,0.057377177166017646,0.045443954344591475
3,11,11095.656235490897,11094.46840701608,1.1878284748163424,4,True,0.5885826894959791,0.5096445218432564,0.04959775226689089,0.04000351121112544
3,12,11175.363645498186,11174.191322133249,1.172323364937256,4,True,0.5885826894959791,0.5096445218432564,0.03997173667357856,0.03412441692489665
1,10,11297.792874187835,11297.061467523097,0.7314066647377331,4,True,0.40855707238051764,0.22002846084706107,0.057377177166017646,0.045443954344591475
1,11,11299.74055084935,11299.022364052646,0.7181867967046855,4,True,0.40855707238051764,0.22002846084706107,0.04959775226689089,0.04000351121112544
1,12,11379.447960856638,11378.745279169812,0.7026816868255992,4,True,0.40855707238051764,0.22002846084706107,0.03997173667357856,0.03412441692489665
4,8,11449.155246855069,11448.394273049718,0.760973805350659,4,True,0.23041497683607304,0.4227872528182388,0.059050432704680134,0.04872114299405439
4,9,11831.048038173025,11830.287976991465,0.7600611815596494,4,True,0.23041497683607304,0.4227872528182388,0.056391267498838715,0.05046768440524829
4,10,12178.665885044049,12177.909861682885,0.7560233611638978,4,True,0.23041497683607304,0.4227872528182388,0.057377177166017646,0.045443954344591475
4,11,12180.613561705566,12179.870758212433,0.7428034931326692,4,True,0.23041497683607304,0.4227872528182388,0.04959775226689089,0.04000351121112544
4,12,12260.320971712854,12259.593673329602,0.7272983832517639,4,True,0.23041497683607304,0.4227872528182388,0.03997173667357856,0.03412441692489665
0,-2,1454.5436878593034,1453.6891664006992,0.8545214586042675,2,False,0.6527932640918692,0.2591903961456907,-0.03585742703194228,-0.021604774601421184
0,-3,1608.8395233149872,1608.007547329727,0.8319759852602147,2,False,0.6527932640918692,0.2591903961456907,-0.03356825135801955,-0.046439423619233366
0,-4,1734.7329553955494,1733.9143435344554,0.8186118610940412,2,False,0.6527932640918692,0.2591903961456907,-0.05596348439416943,-0.03740831474959805
-1,0,1999.5036039176327,1999.4481289370501,0.05547498058263045,2,False,0.15319023936513076,-0.08528320298603376,-0.027561886172904337,0.015129830376530151
-2,0,2512.5766058437466,2512.401581813579,0.17502403016760582,2,False,0.4500657296164263,-0.26260964365224027,-0.027561886172904337,0.015129830376530151
0,-5,2820.558185554367,2819.74258760646,0.8155979479070083,2,False,0.6527932640918692,0.2591903961456907,-0.04857665789904786,-0.04780905443141137
0,-6,2895.2799898097123,2894.485012465753,0.7949773439595447,2,False,0.6527932640918692,0.2591903961456907,-0.06162698721664128,-0.055379329061452154
0,-7,2959.5677338552787,2958.788729913216,0.7790039420629,2,False,0.6527932640918692,0.2591903961456907,-0.07083860512466345,-0.06214111304984726
0,-8,3037.443594892461,3036.6786527202044,0.764942172256724,2,False,0.6527932640918692,0.2591903961456907,-0.0786742305158441,-0.06836725746524053
-1,-2,3194.837090871403,3194.8266460366576,0.010444834745158005,1,False,0.15319023936513076,-0.08528320298603376,-0.03585742703194228,-0.021604774601421184
-1,-1,3211.791664371727,3211.7247689105766,0.06689546115057965,2,False,0.15319023936513076,-0.08528320298603376,0.03879250536101608,-0.039804080589263435
-4,-2,3347.166552028573,3346.334819365258,0.8317326633145967,2,False,0.772932778574841,0.1162620863731263,-0.03585742703194228,-0.021604774601421184
-1,-3,3349.1329263270873,3349.1450269656852,-0.01210063859798538,1,False,0.15319023936513076,-0.08528320298603376,-0.03356825135801955,-0.046439423619233366
-1,-4,3475.026358407649,3475.0518231704136,-0.025464762764840998,1,False,0.15319023936513076,-0.08528320298603376,-0.05596348439416943,-0.03740831474959805
-4,-3,3501.4623874842573,3500.6532002942863,0.8091871899709986,2,False,0.772932778574841,0.1162620863731263,-0.03356825135801955,-0.046439423619233366
0,-9,3625.0505078342835,3624.2812756985045,0.7692321357790206,2,False,0.6527932640918692,0.2591903961456907,-0.07590807541009781,-0.06684344904857653
-4,-4,3627.355819564819,3626.559996499015,0.7958230658036882,2,False,0.772932778574841,0.1162620863731263,-0.05596348439416943,-0.03740831474959805
-2,-2,3707.910092797517,3707.7800989131865,0.12999388433036074,1,False,0.4500657296164263,-0.26260964365224027,-0.03585742703194228,-0.021604774601421184
-2,-1,3724.8646662978413,3724.6782217871055,0.1864445107357824,2,False,0.4500657296164263,-0.26260964365224027,0.03879250536101608,-0.039804080589263435
-3,0,3816.8637893952396,3817.0902384629303,-0.22644906769073714,1,False,-0.007785076448726613,-0.2062319354452029,-0.027561886172904337,0.015129830376530151
-2,-3,3862.205928253201,3862.098479842214,0.10744841098676261,1,False,0.4500657296164263,-0.26260964365224027,-0.03356825135801955,-0.046439423619233366
-1,1,3869.9043608510115,3869.767518688389,0.13684216262254267,3,False,0.15319023936513076,-0.08528320298603376,0.029049558099359274,0.03988556814408639
-2,-4,3988.099360333763,3988.0052760469425,0.09408428682036174,1,False,0.4500657296164263,-0.26260964365224027,-0.05596348439416943,-0.03740831474959805
-5,0,4129.268085163102,4129.1391939897185,0.12889117338363576,2,False,0.22499759175025247,-0.08367436257049121,-0.027561886172904337,0.015129830376530151
0,-10,4137.19417312429,4136.417000119516,0.7771730047734309,2,False,0.6527932640918692,0.2591903961456907,-0.07497374051126826,-0.059836914953393716
-6,0,4289.406573268914,4289.145968096879,0.2606051720349569,2,False,0.33962687026496496,-0.06658964243410992,-0.027561886172904337,0.015129830376530151
-1,2,4290.553227249247,4290.436650100412,0.11657714883494918,3,False,0.15319023936513076,-0.08528320298603376,0.01813847976472971,0.03053163269134984
2,-2,4360.295945395562,4359.335433475618,0.9605119199441106,2,False,0.8907638572184169,0.12721026435883687,-0.03585742703194228,-0.021604774601421184
-2,1,4382.977362777126,4382.720971564918,0.2563912122077454,3,False,0.4500657296164263,-0.26260964365224027,0.029049558099359274,0.03988556814408639
3,-2,4453.815525113486,4452.77476010378,1.040765009705865,2,False,0.5885826894959791,0.5096445218432564,-0.03585742703194228,-0.021604774601421184
2,-3,4514.591780851246,4513.653814404646,0.9379664465996029,2,False,0.8907638572184169,0.12721026435883687,-0.03356825135801955,-0.046439423619233366
-1,-5,4560.8515885664665,4560.880067242419,-0.028478675952101185,1,False,0.15319023936513076,-0.08528320298603376,-0.04857665789904786,-0.04780905443141137
3,-3,4608.11136056917,4607.0931410328085,1.0182195363613573,2,False,0.5885826894959791,0.5096445218432564,-0.03356825135801955,-0.046439423619233366
-1,-6,4635.5733928218115,4635.622492101711,-0.04909927989956486,1,False,0.15319023936513076,-0.08528320298603376,-0.06162698721664128,-0.055379329061452154
2,-4,4640.485212931808,4639.560610609375,0.9246023224332021,2,False,0.8907638572184169,0.12721026435883687,-0.05596348439416943,-0.03740831474959805
1,-2,4657.899840471939,4657.328717140344,0.5711233315942081,2,False,0.40855707238051764,0.22002846084706107,-0.03585742703194228,-0.021604774601421184
-1,-7,4699.861136867379,4699.926209549174,-0.06507268179484527,1,False,0.15319023936513076,-0.08528320298603376,-0.07083860512466345,-0.06214111304984726
0,-11,4701.078071657468,4700.285270119851,0.7928015376173789,2,False,0.6527932640918692,0.2591903961456907,-0.061673706104556913,-0.05750841651524752
-4,-5,4713.1810497236365,4712.388240571019,0.7928091526173375,2,False,0.772932778574841,0.1162620863731263,-0.04857665789904786,-0.04780905443141137
3,-4,4734.004792649732,4732.999937237537,1.0048554121949564,2,False,0.5885826894959791,0.5096445218432564,-0.05596348439416943,-0.03740831474959805
-1,-8,4777.736997904561,4777.816132356163,-0.07913445160193078,1,False,0.15319023936513076,-0.08528320298603376,-0.0786742305158441,-0.06836725746524053
-4,-6,4787.902853978982,4787.130665430312,0.7721885486707833,2,False,0.772932778574841,0.1162620863731263,-0.06162698721664128,-0.055379329061452154
-2,2,4803.626229175362,4803.390102976941,0.23612619842060667,3,False,0.4500657296164263,-0.26260964365224027,0.01813847976472971,0.03053163269134984
1,-3,4812.195675927623,4811.647098069373,0.5485778582497005,2,False,0.40855707238051764,0.22002846084706107,-0.03356825135801955,-0.046439423619233366
-4,-7,4852.190598024548,4851.4343828777755,0.7562151467727745,2,False,0.772932778574841,0.1162620863731263,-0.07083860512466345,-0.06214111304984726
-4,-8,4930.066459061731,4929.324305684764,0.7421533769665984,2,False,0.772932778574841,0.1162620863731263,-0.0786742305158441,-0.06836725746524053
1,-4,4938.089108008184,4937.5538942741005,0.5352137340832996,2,False,0.40855707238051764,0.22002846084706107,-0.05596348439416943,-0.03740831474959805
-3,-2,5012.19727634901,5012.468755562538,-0.27147921352752746,0,False,-0.007785076448726613,-0.2062319354452029,-0.03585742703194228,-0.021604774601421184
-7,0,5017.544155757746,5017.34279829077,0.20135746697633294,2,False,0.2630735442880905,-0.0492840215151773,-0.027561886172904337,0.015129830376530151
-3,-1,5029.151849849333,5029.366878436456,-0.2150285871230153,1,False,-0.007785076448726613,-0.2062319354452029,0.03879250536101608,-0.039804080589263435
-2,-5,5073.92459049258,5073.8335201189475,0.0910703736326468,1,False,0.4500657296164263,-0.26260964365224027,-0.04857665789904786,-0.04780905443141137
-2,-6,5148.646394747926,5148.57594497824,0.07044976968609262,1,False,0.4500657296164263,-0.26260964365224027,-0.06162698721664128,-0.055379329061452154
-3,-3,5166.493111804694,5166.787136491565,-0.2940246868711256,0,False,-0.007785076448726613,-0.2062319354452029,-0.03356825135801955,-0.046439423619233366
-8,0,5182.6453214545345,5182.328346533769,0.3169749207654604,2,False,0.3603130414894622,-0.030906064927876287,-0.027561886172904337,0.015129830376530151
-2,-7,5212.934138793493,5212.879662425703,0.054476367789902724,1,False,0.4500657296164263,-0.26260964365224027,-0.07083860512466345,-0.06214111304984726
-2,-8,5290.809999830675,5290.7695852326915,0.04041459798372671,1,False,0.4500657296164263,-0.26260964365224027,-0.0786742305158441,-0.06836725746524053
-3,-4,5292.386543885255,5292.693932696294,-0.30738881103843596,0,False,-0.007785076448726613,-0.2062319354452029,-0.05596348439416943,-0.03740831474959805
-5,-2,5324.6015721168715,5324.5177110893255,0.08386102754593594,1,False,0.22499759175025247,-0.08367436257049121,-0.03585742703194228,-0.021604774601421184
-5,-1,5341.556145617196,5341.415833963244,0.14031165395226708,2,False,0.22499759175025247,-0.08367436257049121,0.03879250536101608,-0.039804080589263435
-1,-9,5365.343910846383,5365.418755334463,-0.07484448808008892,1,False,0.15319023936513076,-0.08528320298603376,-0.07590807541009781,-0.06684344904857653
0,-12,5474.803997317783,5473.966351447258,0.8376458705251935,2,False,0.6527932640918692,0.2591903961456907,-0.03775690157999634,-0.03658088813199356
-5,-3,5478.897407572556,5478.836092018354,0.06131555420233781,1,False,0.22499759175025247,-0.08367436257049121,-0.03356825135801955,-0.046439423619233366
-6,-2,5484.740060222684,5484.524485196487,0.2155750261972571,1,False,0.33962687026496496,-0.06658964243410992,-0.03585742703194228,-0.021604774601421184
-6,-1,5501.694633723008,5501.422608070406,0.27202565260267875,2,False,0.33962687026496496,-0.06658964243410992,0.03879250536101608,-0.039804080589263435
-4,-9,5517.673372003553,5516.926928663064,0.7464433404884403,2,False,0.772932778574841,0.1162620863731263,-0.07590807541009781,-0.06684344904857653
4,-2,5538.772851328154,5538.177111300133,0.5957400280203728,2,False,0.23041497683607304,0.4227872528182388,-0.03585742703194228,-0.021604774601421184
-1,3,5581.514441231333,5581.365759198306,0.14868203302739857,3,False,0.15319023936513076,-0.08528320298603376,0.04279021866932453,0.037984777979318096
-5,-4,5604.790839653118,5604.742888223082,0.04795143003593694,1,False,0.22499759175025247,-0.08367436257049121,-0.05596348439416943,-0.03740831474959805
-6,-3,5639.035895678368,5638.842866125516,0.19302955285274948,1,False,0.33962687026496496,-0.06658964243410992,-0.03356825135801955,-0.046439423619233366
-3,1,5687.264546328618,5687.409628214269,-0.1450818856510523,2,False,-0.007785076448726613,-0.2062319354452029,0.029049558099359274,0.03988556814408639
4,-3,5693.068686783838,5692.495492229161,0.5731945546767747,2,False,0.23041497683607304,0.4227872528182388,-0.03356825135801955,-0.046439423619233366
2,-5,5726.310443090625,5725.38885468138,0.9215884092454871,2,False,0.8907638572184169,0.12721026435883687,-0.04857665789904786,-0.04780905443141137
5,0,5760.575364930948,5760.457436861896,0.11792806905214093,2,False,-0.2087442588781414,0.33910438372640783,-0.027561886172904337,0.015129830376530151
-6,-4,5764.92932775893,5764.749662330243,0.1796654286872581,1,False,0.33962687026496496,-0.06658964243410992,-0.05596348439416943,-0.03740831474959805
2,-6,5801.032247345971,5800.131279540671,0.9009678052998424,2,False,0.8907638572184169,0.12721026435883687,-0.06162698721664128,-0.055379329061452154
4,-4,5818.9621188644,5818.402288433889,0.5598304305103738,2,False,0.23041497683607304,0.4227872528182388,-0.05596348439416943,-0.03740831474959805
3,-5,5819.830022808549,5818.828181309542,1.0018414990072415,2,False,0.5885826894959791,0.5096445218432564,-0.04857665789904786,-0.04780905443141137
2,-7,5865.319991391538,5864.434996988134,0.8849944034036525,2,False,0.8907638572184169,0.12721026435883687,-0.07083860512466345,-0.06214111304984726
-1,-10,5877.487576136388,5877.554479755474,-0.06690361908567866,1,False,0.15319023936513076,-0.08528320298603376,-0.07497374051126826,-0.059836914953393716
-2,-9,5878.416912772496,5878.372208210992,0.04470456150465907,1,False,0.4500657296164263,-0.26260964365224027,-0.07590807541009781,-0.06684344904857653
3,-6,5894.551827063895,5893.570606168833,0.9812208950615968,2,False,0.5885826894959791,0.5096445218432564,-0.06162698721664128,-0.055379329061452154
-9,0,5920.592810976847,5920.3420673542505,0.2507436225969286,2,False,0.3258864736862961,-0.06271079529278722,-0.027561886172904337,0.015129830376530151
2,-8,5943.19585242872,5942.324919795123,0.8709326335974765,2,False,0.8907638572184169,0.12721026435883687,-0.0786742305158441,-0.06836725746524053
3,-7,5958.839571109462,5957.874323616296,0.9652474931654069,2,False,0.5885826894959791,0.5096445218432564,-0.07083860512466345,-0.06214111304984726
-5,1,5999.668842096481,5999.458583741058,0.2102583554233206,3,False,0.22499759175025247,-0.08367436257049121,0.029049558099359274,0.03988556814408639
1,-5,6023.914338167002,6023.382138346105,0.5321998208964942,2,False,0.40855707238051764,0.22002846084706107,-0.04857665789904786,-0.04780905443141137
-4,-10,6029.817037293559,6029.062653084075,0.7543842094846696,2,False,0.772932778574841,0.1162620863731263,-0.07497374051126826,-0.059836914953393716
3,-8,6036.715432146644,6035.764246423285,0.9511857233592309,2,False,0.5885826894959791,0.5096445218432564,-0.0786742305158441,-0.06836725746524053
-2,3,6094.587443157447,6094.3192120748345,0.26823108261214657,3,False,0.4500657296164263,-0.26260964365224027,0.04279021866932453,0.037984777979318096
1,-6,6098.636142422348,6098.124563205398,0.51157921694994,2,False,0.40855707238051764,0.22002846084706107,-0.06162698721664128,-0.055379329061452154
-1,4,6103.63389348804,6103.480602411585,0.15329107645447948,3,False,0.15319023936513076,-0.08528320298603376,0.0441168502252367,0.0412671898507142
-3,2,6107.913412726854,6108.078759626293,-0.16534689943819103,2,False,-0.007785076448726613,-0.2062319354452029,0.01813847976472971,0.03053163269134984
-6,1,6159.807330202293,6159.465357848218,0.34197235407464177,3,False,0.33962687026496496,-0.06658964243410992,0.029049558099359274,0.03988556814408639
1,-7,6162.923886467914,6162.428280652861,0.4956058150528406,2,False,0.40855707238051764,0.22002846084706107,-0.07083860512466345,-0.06214111304984726
-7,-2,6212.877642711516,6212.721315390378,0.15632732113863312,1,False,0.2630735442880905,-0.0492840215151773,-0.03585742703194228,-0.021604774601421184
-7,-1,6229.83221621184,6229.619438264296,0.21277794754405477,2,False,0.2630735442880905,-0.0492840215151773,0.03879250536101608,-0.039804080589263435
1,-8,6240.799747505096,6240.318203459849,0.4815440452466646,2,False,0.40855707238051764,0.22002846084706107,-0.0786742305158441,-0.06836725746524053
-7,-3,6367.1734781672,6367.039696319406,0.1337818477941255,1,False,0.2630735442880905,-0.0492840215151773,-0.03356825135801955,-0.046439423619233366
-8,-2,6377.978808408305,6377.706863633377,0.2719447749277606,1,False,0.3603130414894622,-0.030906064927876287,-0.03585742703194228,-0.021604774601421184
-3,-5,6378.2117740440735,6378.522176768298,-0.3104027242243319,0,False,-0.007785076448726613,-0.2062319354452029,-0.04857665789904786,-0.04780905443141137
-2,-10,6390.560578062503,6390.507932632003,0.05264543049997883,1,False,0.4500657296164263,-0.26260964365224027,-0.07497374051126826,-0.059836914953393716
-8,-1,6394.933381908629,6394.6049865072955,0.32839540133318224,2,False,0.3603130414894622,-0.030906064927876287,0.03879250536101608,-0.039804080589263435
-5,2,6420.3177084947165,6420.127715153081,0.18999334163527237,3,False,0.22499759175025247,-0.08367436257049121,0.01813847976472971,0.03053163269134984
-1,-11,6441.371474669569,6441.422749755809,-0.051275086239911616,1,False,0.15319023936513076,-0.08528320298603376,-0.061673706104556913,-0.05750841651524752
-3,-6,6452.933578299419,6453.26460162759,-0.3310233281708861,0,False,-0.007785076448726613,-0.2062319354452029,-0.06162698721664128,-0.055379329061452154
-7,-4,6493.066910247762,6492.946492524134,0.12041772362863412,1,False,0.2630735442880905,-0.0492840215151773,-0.05596348439416943,-0.03740831474959805
-3,-7,6517.221322344985,6517.568319075054,-0.346996730068895,0,False,-0.007785076448726613,-0.2062319354452029,-0.07083860512466345,-0.06214111304984726
2,-9,6530.802765370541,6529.927542773423,0.8752225971184089,2,False,0.8907638572184169,0.12721026435883687,-0.07590807541009781,-0.06684344904857653
-8,-3,6532.274643863989,6532.0252445624055,0.24939930158325296,1,False,0.3603130414894622,-0.030906064927876287,-0.03356825135801955,-0.046439423619233366
-6,2,6580.456196600529,6580.134489260242,0.32170734028750303,3,False,0.33962687026496496,-0.06658964243410992,0.01813847976472971,0.03053163269134984
-4,-11,6593.700935826738,6592.93092308441,0.7700127423277081,2,False,0.772932778574841,0.1162620863731263,-0.061673706104556913,-0.05750841651524752
-3,-8,6595.097183382168,6595.458241882043,-0.361058499875071,0,False,-0.007785076448726613,-0.2062319354452029,-0.0786742305158441,-0.06836725746524053
-2,4,6616.706895414153,6616.434055288114,0.27284012603922747,3,False,0.4500657296164263,-0.26260964365224027,0.0441168502252367,0.0412671898507142
3,-9,6624.322345088465,6623.366869401585,0.9554756868801633,2,False,0.5885826894959791,0.5096445218432564,-0.07590807541009781,-0.06684344904857653
-8,-4,6658.168075944551,6657.932040767133,0.2360351774177616,1,False,0.3603130414894622,-0.030906064927876287,-0.05596348439416943,-0.03740831474959805
-5,-5,6690.616069811936,6690.5711322950865,0.0449375168491315,1,False,0.22499759175025247,-0.08367436257049121,-0.04857665789904786,-0.04780905443141137
-5,-6,6765.337874067281,6765.313557154379,0.02431691290166782,1,False,0.22499759175025247,-0.08367436257049121,-0.06162698721664128,-0.055379329061452154
-1,5,6795.949579848176,6795.808857180935,0.14072266724087967,3,False,0.15319023936513076,-0.08528320298603376,0.03746743645024253,0.03534819441142645
1,-9,6828.406660446918,6827.92082643815,0.48583400876850646,2,False,0.40855707238051764,0.22002846084706107,-0.07590807541009781,-0.06684344904857653
-5,-7,6829.625618112848,6829.617274601843,0.008343511005477922,1,False,0.22499759175025247,-0.08367436257049121,-0.07083860512466345,-0.06214111304984726
-6,-5,6850.754557917749,6850.577906402248,0.17665151550045266,1,False,0.33962687026496496,-0.06658964243410992,-0.04857665789904786,-0.04780905443141137
-7,1,6887.944912691125,6887.662188042109,0.2827246490160178,3,False,0.2630735442880905,-0.0492840215151773,0.029049558099359274,0.03988556814408639
4,-5,6904.787349023217,6904.230532505893,0.5568165173235684,2,False,0.23041497683607304,0.4227872528182388,-0.04857665789904786,-0.04780905443141137
-5,-8,6907.50147915003,6907.507197408831,-0.00571825880160759,1,False,0.22499759175025247,-0.08367436257049121,-0.0786742305158441,-0.06836725746524053
-6,-6,6925.476362173094,6925.320331261541,0.15603091155298898,1,False,0.33962687026496496,-0.06658964243410992,-0.06162698721664128,-0.055379329061452154
-2,-11,6954.444476595682,6954.3762026323375,0.06827396334483637,1,False,0.4500657296164263,-0.26260964365224027,-0.061673706104556913,-0.05750841651524752
5,-2,6955.908851884718,6955.835953961504,0.07289792321444111,1,False,-0.2087442588781414,0.33910438372640783,-0.03585742703194228,-0.021604774601421184
5,-1,6972.863425385042,6972.7340768354225,0.12934854961986275,2,False,-0.2087442588781414,0.33910438372640783,0.03879250536101608,-0.039804080589263435
4,-6,6979.509153278563,6978.972957365186,0.5361959133770142,2,False,0.23041497683607304,0.4227872528182388,-0.06162698721664128,-0.055379329061452154
-6,-7,6989.76410621866,6989.624048709004,0.14005750965679908,1,False,0.33962687026496496,-0.06658964243410992,-0.07083860512466345,-0.06214111304984726
-10,0,7021.101810813822,7020.956284386334,0.1455264274882211,2,False,0.19675364440445264,-0.03879516111942394,-0.027561886172904337,0.015129830376530151
2,-10,7042.946430660548,7042.063267194435,0.8831634661128192,2,False,0.8907638572184169,0.12721026435883687,-0.07497374051126826,-0.059836914953393716
4,-7,7043.7968973241295,7043.27667481265,0.5202225114799148,2,False,0.23041497683607304,0.4227872528182388,-0.07083860512466345,-0.06214111304984726
-8,1,7053.046078387913,7052.647736285108,0.39834210280514526,3,False,0.3603130414894622,-0.030906064927876287,0.029049558099359274,0.03988556814408639
-6,-8,7067.639967255842,7067.513971515992,0.12599573984971357,1,False,0.33962687026496496,-0.06658964243410992,-0.0786742305158441,-0.06836725746524053
5,-3,7110.204687340402,7110.154334890532,0.050352449870842975,1,False,-0.2087442588781414,0.33910438372640783,-0.03356825135801955,-0.046439423619233366
-9,-2,7115.926297930618,7115.7205844538585,0.2057134767592288,1,False,0.3258864736862961,-0.06271079529278722,-0.03585742703194228,-0.021604774601421184
4,-8,7121.672758361312,7121.166597619638,0.5061607416737388,2,False,0.23041497683607304,0.4227872528182388,-0.0786742305158441,-0.06836725746524053
-9,-1,7132.880871430942,7132.618707327777,0.26216410316465044,2,False,0.3258864736862961,-0.06271079529278722,0.03879250536101608,-0.039804080589263435
6,0,7132.5053167966125,7132.986997519886,-0.4816807232737119,2,False,-0.715861027986648,0.2466123605086068,-0.027561886172904337,0.015129830376530151
3,-10,7136.466010378472,7135.502593822597,0.9634165558745735,2,False,0.5885826894959791,0.5096445218432564,-0.07497374051126826,-0.059836914953393716
-3,-9,7182.70409632399,7183.060864860343,-0.35676853635322914,0,False,-0.007785076448726613,-0.2062319354452029,-0.07590807541009781,-0.06684344904857653
-1,-12,7215.097400329883,7215.1038310832155,-0.006430753332097083,1,False,0.15319023936513076,-0.08528320298603376,-0.03775690157999634,-0.03658088813199356
5,-4,7236.098119420964,7236.06113109526,0.036988325704442104,1,False,-0.2087442588781414,0.33910438372640783,-0.05596348439416943,-0.03740831474959805
-9,-3,7270.222133386302,7270.038965382887,0.18316800341472117,1,False,0.3258864736862961,-0.06271079529278722,-0.03356825135801955,-0.046439423619233366
-7,2,7308.593779089361,7308.331319454132,0.26245963522887905,3,False,0.2630735442880905,-0.0492840215151773,0.01813847976472971,0.03053163269134984
-2,5,7309.02258177429,7308.762310057464,0.26027171682653716,3,False,0.4500657296164263,-0.26260964365224027,0.03746743645024253,0.03534819441142645
1,-10,7340.550325736925,7340.056550859161,0.4937748777638262,2,False,0.40855707238051764,0.22002846084706107,-0.07497374051126826,-0.059836914953393716
-4,-12,7367.4268614870525,7366.612004411818,0.8148570752346131,2,False,0.772932778574841,0.1162620863731263,-0.03775690157999634,-0.03658088813199356
-9,-4,7396.115565466864,7395.9457615876145,0.1698038792492298,1,False,0.3258864736862961,-0.06271079529278722,-0.05596348439416943,-0.03740831474959805
-3,3,7398.874626708939,7399.007868724185,-0.13324201524574164,2,False,-0.007785076448726613,-0.2062319354452029,0.04279021866932453,0.037984777979318096
-8,2,7473.69494478615,7473.316867697132,0.3780770890180065,3,False,0.3603130414894622,-0.030906064927876287,0.01813847976472971,0.03053163269134984
-5,-9,7495.108392091852,7495.109820387132,-0.0014282952797657344,1,False,0.22499759175025247,-0.08367436257049121,-0.07590807541009781,-0.06684344904857653
-7,-5,7578.8921404065795,7578.774736596139,0.11740381044091919,1,False,0.2630735442880905,-0.0492840215151773,-0.04857665789904786,-0.04780905443141137
-11,0,7590.254116240116,7590.092933143317,0.16118309679859522,3,False,0.16578385143475316,0.007831301159512805,-0.027561886172904337,0.015129830376530151
2,-11,7606.830329193727,7605.931537194769,0.8987919989585862,2,False,0.8907638572184169,0.12721026435883687,-0.061673706104556913,-0.05750841651524752
5,1,7630.976121864327,7630.776826613235,0.19929525109182578,3,False,-0.2087442588781414,0.33910438372640783,0.029049558099359274,0.03988556814408639
-7,-6,7653.613944661925,7653.517161455431,0.096783206494365,1,False,0.2630735442880905,-0.0492840215151773,-0.06162698721664128,-0.055379329061452154
-6,-9,7655.246880197665,7655.116594494292,0.13028570337246492,1,False,0.33962687026496496,-0.06658964243410992,-0.07590807541009781,-0.06684344904857653
-3,-10,7694.847761613996,7695.196589281355,-0.34882766735881887,0,False,-0.007785076448726613,-0.2062319354452029,-0.07497374051126826,-0.059836914953393716
3,-11,7700.349908911651,7699.370863822931,0.9790450887203406,2,False,0.5885826894959791,0.5096445218432564,-0.061673706104556913,-0.05750841651524752
4,-9,7709.279671303133,7708.769220597938,0.5104507051946712,2,False,0.23041497683607304,0.4227872528182388,-0.07590807541009781,-0.06684344904857653
-5,3,7711.278922476802,7711.0568242509735,0.22209822582863126,3,False,0.22499759175025247,-0.08367436257049121,0.04279021866932453,0.037984777979318096
-7,-7,7717.901688707492,7717.820878902894,0.0808098045981751,1,False,0.2630735442880905,-0.0492840215151773,-0.07083860512466345,-0.06214111304984726
-2,-12,7728.170402255997,7728.057283959744,0.11311829625265091,1,False,0.4500657296164263,-0.26260964365224027,-0.03775690157999634,-0.03658088813199356
-8,-5,7743.993306103369,7743.760284839138,0.23302126423095615,1,False,0.3603130414894622,-0.030906064927876287,-0.04857665789904786,-0.04780905443141137
-9,1,7790.993567910226,7790.66145710559,0.33211080463661347,3,False,0.3258864736862961,-0.06271079529278722,0.029049558099359274,0.03988556814408639
-7,-8,7795.777549744675,7795.710801709883,0.06674803479199909,1,False,0.2630735442880905,-0.0492840215151773,-0.0786742305158441,-0.06836725746524053
-1,6,7805.147543986889,7804.988184364003,0.1593596228858587,3,False,0.15319023936513076,-0.08528320298603376,0.04778940429696377,0.043663182209002116
-8,-6,7818.715110358714,7818.50270969843,0.21240066028349247,1,False,0.3603130414894622,-0.030906064927876287,-0.06162698721664128,-0.055379329061452154
-6,3,7871.417410582615,7871.063598358135,0.3538122244799524,3,False,0.33962687026496496,-0.06658964243410992,0.04279021866932453,0.037984777979318096
-8,-7,7883.002854404281,7882.806427145893,0.19642725838730257,1,False,0.3603130414894622,-0.030906064927876287,-0.07083860512466345,-0.06214111304984726
1,-11,7904.434224270103,7903.924820859495,0.5094034106077743,2,False,0.40855707238051764,0.22002846084706107,-0.061673706104556913,-0.05750841651524752
-3,4,7920.994078965647,7921.122711937465,-0.12863297181866074,2,False,-0.007785076448726613,-0.2062319354452029,0.0441168502252367,0.0412671898507142
-8,-8,7960.878715441462,7960.696349952882,0.18236548858021706,1,False,0.3603130414894622,-0.030906064927876287,-0.0786742305158441,-0.06836725746524053
-5,-10,8007.252057381857,8007.245544808142,0.006512573715554026,1,False,0.22499759175025247,-0.08367436257049121,-0.07497374051126826,-0.059836914953393716
5,2,8051.624988262563,8051.445958025259,0.17903023730468703,3,False,-0.2087442588781414,0.33910438372640783,0.01813847976472971,0.03053163269134984
-6,-10,8167.39054548767,8167.2523189153035,0.1382265723668752,1,False,0.33962687026496496,-0.06658964243410992,-0.07497374051126826,-0.059836914953393716
-9,2,8211.642434308464,8211.330588517614,0.3118457908494747,3,False,0.3258864736862961,-0.06271079529278722,0.01813847976472971,0.03053163269134984
-10,-2,8216.435297767594,8216.334801485942,0.10049628165143076,1,False,0.19675364440445264,-0.03879516111942394,-0.03585742703194228,-0.021604774601421184
4,-10,8221.42333659314,8220.90494501895,0.5183915741890814,2,False,0.23041497683607304,0.4227872528182388,-0.07497374051126826,-0.059836914953393716
-5,4,8233.39837473351,8233.171667464252,0.22670726925753115,3,False,0.22499759175025247,-0.08367436257049121,0.0441168502252367,0.0412671898507142
-10,-1,8233.389871267917,8233.232924359861,0.15694690805503342,2,False,0.19675364440445264,-0.03879516111942394,0.03879250536101608,-0.039804080589263435
-3,-11,8258.731660147174,8259.064859281689,-0.3331991345148708,0,False,-0.007785076448726613,-0.2062319354452029,-0.061673706104556913,-0.05750841651524752
-1,7,8292.633381896741,8292.469504323333,0.16387757340817188,3,False,0.15319023936513076,-0.08528320298603376,0.05285546815866837,0.043115068870292816
-2,6,8318.220545913002,8317.941637240532,0.2789086724696972,3,False,0.4500657296164263,-0.26260964365224027,0.04778940429696377,0.043663182209002116
5,-5,8321.923349579783,8321.889375167264,0.033974412519455655,1,False,-0.2087442588781414,0.33910438372640783,-0.04857665789904786,-0.04780905443141137
6,-2,8327.838803750383,8328.365514619494,-0.5267108691114117,1,False,-0.715861027986648,0.2466123605086068,-0.03585742703194228,-0.021604774601421184
6,-1,8344.793377250708,8345.263637493414,-0.4702602427059901,2,False,-0.715861027986648,0.2466123605086068,0.03879250536101608,-0.039804080589263435
-10,-3,8370.731133223277,8370.65318241497,0.07795080830692314,1,False,0.19675364440445264,-0.03879516111942394,-0.03356825135801955,-0.046439423619233366
2,-12,8380.556254854042,8379.612618522176,0.9436363318654912,2,False,0.8907638572184169,0.12721026435883687,-0.03775690157999634,-0.03658088813199356
-7,-9,8383.384462686496,8383.313424688182,0.07103799831384094,1,False,0.2630735442880905,-0.0492840215151773,-0.07590807541009781,-0.06684344904857653
-6,4,8393.536862839323,8393.178441571414,0.3584212679088523,3,False,0.33962687026496496,-0.06658964243410992,0.0441168502252367,0.0412671898507142
5,-6,8396.645153835127,8396.631800026556,0.013353808570172987,1,False,-0.2087442588781414,0.33910438372640783,-0.06162698721664128,-0.055379329061452154
7,0,8404.644604655574,8405.752437549503,-1.1078328939292987,2,False,-1.2097220632094832,0.11432122507676468,-0.027561886172904337,0.015129830376530151
5,-7,8460.932897880693,8460.93551747402,-0.0026195933260169113,1,False,-0.2087442588781414,0.33910438372640783,-0.07083860512466345,-0.06214111304984726
3,-12,8474.075834571966,8473.051945150339,1.0238894216272456,2,False,0.5885826894959791,0.5096445218432564,-0.03775690157999634,-0.03658088813199356
-9,-5,8481.940795625682,8481.77400565962,0.16678996606242436,1,False,0.3258864736862961,-0.06271079529278722,-0.04857665789904786,-0.04780905443141137
6,-3,8482.134639206068,8482.683895548522,-0.5492563424541004,1,False,-0.715861027986648,0.2466123605086068,-0.03356825135801955,-0.046439423619233366
-10,-4,8496.624565303839,8496.559978619698,0.06458668414052227,1,False,0.19675364440445264,-0.03879516111942394,-0.05596348439416943,-0.03740831474959805
5,-8,8538.808758917876,8538.825440281009,-0.016681363133102423,1,False,-0.2087442588781414,0.33910438372640783,-0.0786742305158441,-0.06836725746524053
-8,-9,8548.485628383285,8548.298972931181,0.1866554521038779,1,False,0.3603130414894622,-0.030906064927876287,-0.07590807541009781,-0.06684344904857653
-9,-6,8556.662599881027,8556.516430518912,0.14616936211496068,1,False,0.3258864736862961,-0.06271079529278722,-0.06162698721664128,-0.055379329061452154
-5,-11,8571.135955915037,8571.113814808477,0.022141106559502077,1,False,0.22499759175025247,-0.08367436257049121,-0.061673706104556913,-0.05750841651524752
-7,3,8599.554993071446,8599.260428552025,0.29456451942132844,3,False,0.2630735442880905,-0.0492840215151773,0.04279021866932453,0.037984777979318096
6,-4,8608.028071286628,8608.59069175325,-0.5626204666223202,1,False,-0.715861027986648,0.2466123605086068,-0.05596348439416943,-0.03740831474959805
-3,5,8613.309765325783,8613.450966706816,-0.14120138103317004,2,False,-0.007785076448726613,-0.2062319354452029,0.03746743645024253,0.03534819441142645
-9,-7,8620.950343926594,8620.820147966375,0.13019596021877078,1,False,0.3258864736862961,-0.06271079529278722,-0.07083860512466345,-0.06214111304984726
1,-12,8678.160149930418,8677.605902186902,0.5542477435155888,2,False,0.40855707238051764,0.22002846084706107,-0.03775690157999634,-0.03658088813199356
-9,-8,8698.826204963776,8698.710070773364,0.11613419041168527,1,False,0.3258864736862961,-0.06271079529278722,-0.0786742305158441,-0.06836725746524053
-6,-11,8731.27444402085,8731.120588915639,0.15385510521082324,1,False,0.33962687026496496,-0.06658964243410992,-0.061673706104556913,-0.05750841651524752
-8,3,8764.656158768235,8764.245976795024,0.4101819732113654,3,False,0.3603130414894622,-0.030906064927876287,0.04279021866932453,0.037984777979318096
4,-11,8785.307235126318,8784.773215019284,0.534020107033939,2,False,0.23041497683607304,0.4227872528182388,-0.061673706104556913,-0.05750841651524752
-11,-2,8785.587603193886,8785.471450242925,0.1161529509608954,2,False,0.16578385143475316,0.007831301159512805,-0.03585742703194228,-0.021604774601421184
-11,-1,8802.54217669421,8802.369573116845,0.17260357736631704,3,False,0.16578385143475316,0.007831301159512805,0.03879250536101608,-0.039804080589263435
-2,7,8805.706383822855,8805.422957199862,0.2834266229929199,3,False,0.4500657296164263,-0.26260964365224027,0.05285546815866837,0.043115068870292816
-12,0,8858.458951402527,8858.37695758178,0.08199382074599271,2,False,0.12002110441426339,-0.02559522787169044,-0.027561886172904337,0.015129830376530151
8,0,8881.061141609485,8882.639967810184,-1.5788262006990408,2,False,-1.6014077984009418,0.03501365349870866,-0.027561886172904337,0.015129830376530151
-10,1,8891.5025677472,8891.275674137674,0.22689360952608695,3,False,0.19675364440445264,-0.03879516111942394,0.029049558099359274,0.03988556814408639
-7,-10,8895.528127976502,8895.449149109194,0.07897886730825121,1,False,0.2630735442880905,-0.0492840215151773,-0.07497374051126826,-0.059836914953393716
-5,5,8925.714061093644,8925.499922233603,0.21413886004120286,3,False,0.22499759175025247,-0.08367436257049121,0.03746743645024253,0.03534819441142645
-11,-3,8939.883438649571,8939.789831171953,0.09360747761820676,2,False,0.16578385143475316,0.007831301159512805,-0.03356825135801955,-0.046439423619233366
6,1,9002.906073729991,9003.306387271226,-0.40031354123493657,3,False,-0.715861027986648,0.2466123605086068,0.029049558099359274,0.03988556814408639
-3,-12,9032.45758580749,9032.745940609097,-0.2883548016070563,0,False,-0.007785076448726613,-0.2062319354452029,-0.03775690157999634,-0.03658088813199356
-8,-10,9060.62929367329,9060.434697352193,0.19459632109646918,1,False,0.3603130414894622,-0.030906064927876287,-0.07497374051126826,-0.059836914953393716
-11,-4,9065.776870730131,9065.696627376681,0.0802433534499869,2,False,0.16578385143475316,0.007831301159512805,-0.05596348439416943,-0.03740831474959805
-6,5,9085.852549199457,9085.506696340764,0.345852858692524,3,False,0.33962687026496496,-0.06658964243410992,0.03746743645024253,0.03534819441142645
-1,8,9105.219486398319,9105.043807786242,0.17567861207680835,3,False,0.15319023936513076,-0.08528320298603376,0.059050432704680134,0.04872114299405439
-7,4,9121.674445328154,9121.375271765304,0.29917356284931884,3,False,0.2630735442880905,-0.0492840215151773,0.0441168502252367,0.0412671898507142
5,-9,9126.415671859699,9126.428063259309,-0.012391399610351073,1,False,-0.2087442588781414,0.33910438372640783,-0.07590807541009781,-0.06684344904857653
-9,-9,9286.433117905597,9286.312693751663,0.12042415393443662,1,False,0.3258864736862961,-0.06271079529278722,-0.07590807541009781,-0.06684344904857653
-8,4,9286.775611024943,9286.360820008304,0.4147910166393558,3,False,0.3603130414894622,-0.030906064927876287,0.0441168502252367,0.0412671898507142
-10,2,9312.151434145439,9311.944805549698,0.2066285957407672,3,False,0.19675364440445264,-0.03879516111942394,0.01813847976472971,0.03053163269134984
5,3,9342.586202244649,9342.37506712315,0.2111351214989554,3,False,-0.2087442588781414,0.33910438372640783,0.04279021866932453,0.037984777979318096
-5,-12,9344.861881575353,9344.794896135885,0.06698543946731661,1,False,0.22499759175025247,-0.08367436257049121,-0.03775690157999634,-0.03658088813199356
6,2,9423.554940128228,9423.97551868325,-0.4205785550220753,3,False,-0.715861027986648,0.2466123605086068,0.01813847976472971,0.03053163269134984
-7,-11,9459.41202650968,9459.317419109528,0.09460740015310876,1,False,0.2630735442880905,-0.0492840215151773,-0.061673706104556913,-0.05750841651524752
-11,1,9460.654873173495,9460.412322894656,0.24255027883918956,4,False,0.16578385143475316,0.007831301159512805,0.029049558099359274,0.03988556814408639
-1,9,9487.112277716273,9486.93751172799,0.17476598828216083,3,False,0.15319023936513076,-0.08528320298603376,0.056391267498838715,0.05046768440524829
-9,3,9502.603648290547,9502.259697615506,0.3439506750419241,3,False,0.3258864736862961,-0.06271079529278722,0.04279021866932453,0.037984777979318096
-6,-12,9505.000369681164,9504.801670243045,0.19869943811863777,1,False,0.33962687026496496,-0.06658964243410992,-0.03775690157999634,-0.03658088813199356
9,0,9506.81105804757,9508.739757543399,-1.928699495829278,1,False,-1.914812464347051,-0.0014549756856467866,-0.027561886172904337,0.015129830376530151
4,-12,9559.033160786634,9558.454296346692,0.5788644399417535,2,False,0.23041497683607304,0.4227872528182388,-0.03775690157999634,-0.03658088813199356
-10,-5,9582.449795462657,9582.388222691703,0.06157277095371683,1,False,0.19675364440445264,-0.03879516111942394,-0.04857665789904786,-0.04780905443141137
7,-2,9599.978091609344,9601.13095464911,-1.152863039766089,1,False,-1.2097220632094832,0.11432122507676468,-0.03585742703194228,-0.021604774601421184
-2,8,9618.292488324434,9617.99726066277,0.29522766166337533,3,False,0.4500657296164263,-0.26260964365224027,0.059050432704680134,0.04872114299405439
7,-1,9616.932665109669,9618.02907752303,-1.0964124133606674,2,False,-1.2097220632094832,0.11432122507676468,0.03879250536101608,-0.039804080589263435
-3,6,9622.507729464494,9622.630293889884,-0.12256442539001,2,False,-0.007785076448726613,-0.2062319354452029,0.04778940429696377,0.043663182209002116
-8,-11,9624.51319220647,9624.302967352527,0.21022485394314572,1,False,0.3603130414894622,-0.030906064927876287,-0.061673706104556913,-0.05750841651524752
5,-10,9638.559337149705,9638.56378768032,-0.004450530614121817,1,False,-0.2087442588781414,0.33910438372640783,-0.07497374051126826,-0.059836914953393716
-10,-6,9657.171599718,9657.130647550995,0.04095216700443416,1,False,0.19675364440445264,-0.03879516111942394,-0.06162698721664128,-0.055379329061452154
6,-5,9693.853301445448,9694.418935825255,-0.5656343798073067,1,False,-0.715861027986648,0.2466123605086068,-0.04857665789904786,-0.04780905443141137
-10,-7,9721.459343763569,9721.434364998457,0.02497876511188224,1,False,0.19675364440445264,-0.03879516111942394,-0.07083860512466345,-0.06214111304984726
7,-3,9754.273927065029,9755.449335578138,-1.1754085131087777,1,False,-1.2097220632094832,0.11432122507676468,-0.03356825135801955,-0.046439423619233366
6,-6,9768.575105700791,9769.161360684548,-0.5862549837565894,1,False,-0.715861027986648,0.2466123605086068,-0.06162698721664128,-0.055379329061452154
-9,-10,9798.576783195604,9798.448418172675,0.12836502292884688,1,False,0.3258864736862961,-0.06271079529278722,-0.07497374051126826,-0.059836914953393716
-10,-8,9799.335204800751,9799.324287805446,0.010916995304796728,1,False,0.19675364440445264,-0.03879516111942394,-0.0786742305158441,-0.06836725746524053
-7,5,9813.99013168829,9813.703526534655,0.28660515363480954,3,False,0.2630735442880905,-0.0492840215151773,0.03746743645024253,0.03534819441142645
6,-7,9832.86284974636,9833.46507813201,-0.6022283856509603,1,False,-0.715861027986648,0.2466123605086068,-0.07083860512466345,-0.06214111304984726
-1,10,9834.730124587299,9834.55939641941,0.1707281678882282,3,False,0.15319023936513076,-0.08528320298603376,0.057377177166017646,0.045443954344591475
-1,11,9836.677801248814,9836.520292948957,0.15750829985699966,3,False,0.15319023936513076,-0.08528320298603376,0.04959775226689089,0.04000351121112544
5,4,9864.705654501357,9864.489910336431,0.21574416492512682,3,False,-0.2087442588781414,0.33910438372640783,0.0441168502252367,0.0412671898507142
-11,2,9881.303739571731,9881.08145430668,0.22228526505023183,4,False,0.16578385143475316,0.007831301159512805,0.01813847976472971,0.03053163269134984
7,-4,9880.16735914559,9881.356131782866,-1.1887726372769976,1,False,-1.2097220632094832,0.11432122507676468,-0.05596348439416943,-0.03740831474959805
6,-8,9910.73871078354,9911.355000939,-0.6162901554598648,1,False,-0.715861027986648,0.2466123605086068,-0.0786742305158441,-0.06836725746524053
-1,12,9916.385211256104,9916.243208066126,0.14200318997791328,3,False,0.15319023936513076,-0.08528320298603376,0.03997173667357856,0.03412441692489665
-5,6,9934.912025232357,9934.679249416671,0.23277581568618189,3,False,0.22499759175025247,-0.08367436257049121,0.04778940429696377,0.043663182209002116
-8,5,9979.091297385077,9978.689074777654,0.4022226074230275,3,False,0.3603130414894622,-0.030906064927876287,0.03746743645024253,0.03534819441142645
-2,9,10000.185279642388,9999.89096460452,0.2943150378687278,3,False,0.4500657296164263,-0.26260964365224027,0.056391267498838715,0.05046768440524829
-9,4,10024.723100547255,10024.374540828785,0.3485597184699145,3,False,0.3258864736862961,-0.06271079529278722,0.0441168502252367,0.0412671898507142
-12,-2,10053.792438356297,10053.755474681388,0.03696367490920238,1,False,0.12002110441426339,-0.02559522787169044,-0.03585742703194228,-0.021604774601421184
-12,-1,10070.747011856622,10070.653597555307,0.09341430131462403,2,False,0.12002110441426339,-0.02559522787169044,0.03879250536101608,-0.039804080589263435
8,-2,10076.394628563256,10078.018484909791,-1.623856346535831,1,False,-1.6014077984009418,0.03501365349870866,-0.03585742703194228,-0.021604774601421184
-6,6,10095.05051333817,10094.686023523833,0.36448981433750305,3,False,0.33962687026496496,-0.06658964243410992,0.04778940429696377,0.043663182209002116
8,-1,10093.34920206358,10094.91660778371,-1.5674057201304095,2,False,-1.6014077984009418,0.03501365349870866,0.03879250536101608,-0.039804080589263435
-3,7,10109.993567374348,10110.111613849213,-0.11804647486496833,2,False,-0.007785076448726613,-0.2062319354452029,0.05285546815866837,0.043115068870292816
10,0,10147.049905295024,10149.305776104788,-2.255870809764019,2,False,-2.254561648541312,0.011122894574100428,-0.027561886172904337,0.015129830376530151
-11,-5,10151.602100888951,10151.524871448686,0.07722944026500045,2,False,0.16578385143475316,0.007831301159512805,-0.04857665789904786,-0.04780905443141137
5,-11,10202.443235682882,10202.432057680655,0.01117800222709775,1,False,-0.2087442588781414,0.33910438372640783,-0.061673706104556913,-0.05750841651524752
-12,-3,10208.088273811982,10208.073855610415,0.014418201566513744,1,False,0.12002110441426339,-0.02559522787169044,-0.03356825135801955,-0.046439423619233366
-11,-6,10226.323905144294,10226.267296307979,0.05660883631571778,2,False,0.16578385143475316,0.007831301159512805,-0.06162698721664128,-0.055379329061452154
8,-3,10230.69046401894,10232.336865838819,-1.6464018198785197,1,False,-1.6014077984009418,0.03501365349870866,-0.03356825135801955,-0.046439423619233366
-7,-12,10233.137952169996,10232.998500436936,0.1394517330609233,1,False,0.2630735442880905,-0.0492840215151773,-0.03775690157999634,-0.03658088813199356
11,0,10260.989271012078,10263.14965110668,-2.1603800946013507,2,False,-2.1941338930482743,0.04618585424373123,-0.027561886172904337,0.015129830376530151
7,1,10275.045361588953,10276.071827300842,-1.0264657118896139,3,False,-1.2097220632094832,0.11432122507676468,0.029049558099359274,0.03988556814408639
-11,-7,10290.611649189863,10290.57101375544,0.04063543442316586,2,False,0.16578385143475316,0.007831301159512805,-0.07083860512466345,-0.06214111304984726
-12,-4,10333.981705892542,10333.980651815144,0.0010540773982938845,1,False,0.12002110441426339,-0.02559522787169044,-0.05596348439416943,-0.03740831474959805
-2,10,10347.803126513414,10347.51284929594,0.2902772174747952,3,False,0.4500657296164263,-0.26260964365224027,0.057377177166017646,0.045443954344591475
-2,11,10349.75080317493,10349.473745825486,0.27705734944356664,3,False,0.4500657296164263,-0.26260964365224027,0.04959775226689089,0.04000351121112544
8,-4,10356.5838960995,10358.243662043547,-1.6597659440467396,1,False,-1.6014077984009418,0.03501365349870866,-0.05596348439416943,-0.03740831474959805
-9,-11,10362.460681728782,10362.31668817301,0.14399355577188544,1,False,0.3258864736862961,-0.06271079529278722,-0.061673706104556913,-0.05750841651524752
-11,-8,10368.487510227043,10368.46093656243,0.02657366461426136,2,False,0.16578385143475316,0.007831301159512805,-0.0786742305158441,-0.06836725746524053
-10,-9,10386.942117742572,10386.926910783748,0.0152069588239101,1,False,0.19675364440445264,-0.03879516111942394,-0.07590807541009781,-0.06684344904857653
12,0,10396.044433313442,10397.783711464277,-1.7392781508351618,2,False,-1.8283057513581298,0.10145965631909348,-0.027561886172904337,0.015129830376530151
-8,-12,10398.239117866784,10397.984048679935,0.25506918684914126,1,False,0.3603130414894622,-0.030906064927876287,-0.03775690157999634,-0.03658088813199356
-5,7,10422.39786314221,10422.160569376001,0.23729376620940457,3,False,0.22499759175025247,-0.08367436257049121,0.05285546815866837,0.043115068870292816
-2,12,10429.458213182217,10429.196660942654,0.26155223956266127,3,False,0.4500657296164263,-0.26260964365224027,0.03997173667357856,0.03412441692489665
6,-9,10498.345623725363,10498.957623917298,-0.6120001919352944,1,False,-0.715861027986648,0.2466123605086068,-0.07590807541009781,-0.06684344904857653
5,5,10557.02134086149,10556.818165105782,0.20317575570879853,3,False,-0.2087442588781414,0.33910438372640783,0.03746743645024253,0.03534819441142645
-6,7,10582.536351248023,10582.167343483163,0.36900776486072573,3,False,0.33962687026496496,-0.06658964243410992,0.05285546815866837,0.043115068870292816
-10,3,10603.112648127522,10602.87391464759,0.23873347993321659,3,False,0.19675364440445264,-0.03879516111942394,0.04279021866932453,0.037984777979318096
7,2,10695.69422798719,10696.740958712866,-1.0467307256767526,3,False,-1.2097220632094832,0.11432122507676468,0.01813847976472971,0.03053163269134984
9,-2,10702.14454500134,10704.118274643006,-1.9737296416660683,0,False,-1.914812464347051,-0.0014549756856467866,-0.03585742703194228,-0.021604774601421184
6,3,10714.516154110313,10714.904627781141,-0.3884736708278069,3,False,-0.715861027986648,0.2466123605086068,0.04279021866932453,0.037984777979318096
-9,5,10717.038786907391,10716.702795598136,0.3359913092554052,3,False,0.3258864736862961,-0.06271079529278722,0.03746743645024253,0.03534819441142645
9,-1,10719.099118501663,10721.016397516925,-1.9172790152624657,1,False,-1.914812464347051,-0.0014549756856467866,0.03879250536101608,-0.039804080589263435
-12,1,10728.859708335905,10728.69634733312,0.16336100278567756,3,False,0.12002110441426339,-0.02559522787169044,0.029049558099359274,0.03988556814408639
8,1,10751.461898542864,10752.959357561522,-1.497459018657537,3,False,-1.6014077984009418,0.03501365349870866,0.029049558099359274,0.03988556814408639
-7,6,10823.188095827001,10822.882853717723,0.3052421092779696,3,False,0.2630735442880905,-0.0492840215151773,0.04778940429696377,0.043663182209002116
9,-3,10856.440380457025,10858.436655572033,-1.996275115008757,0,False,-1.914812464347051,-0.0014549756856467866,-0.03356825135801955,-0.046439423619233366
-10,-10,10899.08578303258,10899.062635204758,0.023147827821958344,1,False,0.19675364440445264,-0.03879516111942394,-0.07497374051126826,-0.059836914953393716
-3,8,10922.579671875927,10922.685917312123,-0.10624543619633187,2,False,-0.007785076448726613,-0.2062319354452029,0.059050432704680134,0.04872114299405439
-11,-9,10956.094423168866,10956.063559540731,0.03086362813519372,2,False,0.16578385143475316,0.007831301159512805,-0.07590807541009781,-0.06684344904857653
7,-5,10965.99258930441,10967.184375854871,-1.191786550461984,1,False,-1.2097220632094832,0.11432122507676468,-0.04857665789904786,-0.04780905443141137
5,-12,10976.1691613432,10976.113139008063,0.05602233513673127,1,False,-0.2087442588781414,0.33910438372640783,-0.03775690157999634,-0.03658088813199356
9,-4,10982.333812537587,10984.343451776762,-2.009639239175158,0,False,-1.914812464347051,-0.0014549756856467866,-0.05596348439416943,-0.03740831474959805
-8,6,10988.28926152379,10987.868401960723,0.42085956306800654,3,False,0.3603130414894622,-0.030906064927876287,0.04778940429696377,0.043663182209002116
6,-10,11010.489289015368,11011.09334833831,-0.6040593229427031,1,False,-0.715861027986648,0.2466123605086068,-0.07497374051126826,-0.059836914953393716
7,-6,11040.714393559752,11041.926800714164,-1.2124071544112667,1,False,-1.2097220632094832,0.11432122507676468,-0.06162698721664128,-0.055379329061452154
7,-7,11105.002137605321,11106.230518161627,-1.2283805563056376,1,False,-1.2097220632094832,0.11432122507676468,-0.07083860512466345,-0.06214111304984726
-10,4,11125.23210038423,11124.988757860869,0.24334252336120699,3,False,0.19675364440445264,-0.03879516111942394,0.0441168502252367,0.0412671898507142
-9,-12,11136.186607389098,11135.997769500418,0.18883788867969997,1,False,0.3258864736862961,-0.06271079529278722,-0.03775690157999634,-0.03658088813199356
-12,2,11149.508574734142,11149.365478745143,0.14309598899853881,3,False,0.12002110441426339,-0.02559522787169044,0.01813847976472971,0.03053163269134984
-11,3,11172.264953553817,11172.010563404572,0.2543901492445002,4,False,0.16578385143475316,0.007831301159512805,0.04279021866932453,0.037984777979318096
8,2,11172.1107649411,11173.628488973547,-1.5177240324464947,3,False,-1.6014077984009418,0.03501365349870866,0.01813847976472971,0.03053163269134984
7,-8,11182.877998642502,11184.120440968616,-1.242442326114542,1,False,-1.2097220632094832,0.11432122507676468,-0.0786742305158441,-0.06836725746524053
-5,8,11234.983967643788,11234.73487283891,0.24909480487804103,3,False,0.22499759175025247,-0.08367436257049121,0.059050432704680134,0.04872114299405439
6,4,11236.635606367021,11237.01947099442,-0.3838646273998165,3,False,-0.715861027986648,0.2466123605086068,0.0441168502252367,0.0412671898507142
-3,9,11304.47246319388,11304.57962125387,-0.10715805998916039,2,False,-0.007785076448726613,-0.2062319354452029,0.056391267498838715,0.05046768440524829
-7,7,11310.673933736854,11310.364173677053,0.30976005980119226,3,False,0.2630735442880905,-0.0492840215151773,0.05285546815866837,0.043115068870292816
10,-2,11342.383392248794,11344.684293204395,-2.3009009556008095,1,False,-2.254561648541312,0.011122894574100428,-0.03585742703194228,-0.021604774601421184
10,-1,11359.337965749119,11361.582416078314,-2.244450329195388,2,False,-2.254561648541312,0.011122894574100428,0.03879250536101608,-0.039804080589263435
9,1,11377.21181498095,11379.059147294738,-1.8473323137877742,2,False,-1.914812464347051,-0.0014549756856467866,0.029049558099359274,0.03988556814408639
-6,8,11395.1224557496,11394.741646946071,0.3808088035293622,3,False,0.33962687026496496,-0.06658964243410992,0.059050432704680134,0.04872114299405439
-12,-5,11419.806936051362,11419.808895887149,-0.0019598357866925653,1,False,0.12002110441426339,-0.02559522787169044,-0.04857665789904786,-0.04780905443141137
8,-5,11442.40912625832,11444.071906115552,-1.662779857231726,1,False,-1.6014077984009418,0.03501365349870866,-0.04857665789904786,-0.04780905443141137
11,-2,11456.322757965849,11458.528168206287,-2.205410240438141,1,False,-2.1941338930482743,0.04618585424373123,-0.03585742703194228,-0.021604774601421184
-10,-11,11462.969681565757,11462.930905205092,0.0387763606649969,1,False,0.19675364440445264,-0.03879516111942394,-0.061673706104556913,-0.05750841651524752
-11,-10,11468.238088458871,11468.199283961741,0.03880449712960399,2,False,0.16578385143475316,0.007831301159512805,-0.07497374051126826,-0.059836914953393716
-8,7,11475.775099433644,11475.349721920053,0.4253775135912292,3,False,0.3603130414894622,-0.030906064927876287,0.05285546815866837,0.043115068870292816
11,-1,11473.277331466174,11475.426291080206,-2.1489596140327194,2,False,-2.1941338930482743,0.04618585424373123,0.03879250536101608,-0.039804080589263435
-12,-6,11494.528740306705,11494.551320746441,-0.022580439735975233,1,False,0.12002110441426339,-0.02559522787169044,-0.06162698721664128,-0.055379329061452154
10,-3,11496.679227704479,11499.002674133422,-2.323446428943498,1,False,-2.254561648541312,0.011122894574100428,-0.03356825135801955,-0.046439423619233366
8,-6,11517.130930513664,11518.814330974845,-1.6834004611810087,1,False,-1.6014077984009418,0.03501365349870866,-0.06162698721664128,-0.055379329061452154
-12,-7,11558.816484352274,11558.855038193904,-0.03855384163034614,1,False,0.12002110441426339,-0.02559522787169044,-0.07083860512466345,-0.06214111304984726
5,6,11566.219305000202,11565.99749228885,0.22181271135195857,3,False,-0.2087442588781414,0.33910438372640783,0.04778940429696377,0.043663182209002116
6,-11,11574.373187548548,11574.961618338646,-0.5884307900978456,1,False,-0.715861027986648,0.2466123605086068,-0.061673706104556913,-0.05750841651524752
8,-7,11581.418674559232,11583.118048422306,-1.6993738630735606,1,False,-1.6014077984009418,0.03501365349870866,-0.07083860512466345,-0.06214111304984726
12,-2,11591.377920267212,11593.162228563884,-1.7843082966719521,1,False,-1.8283057513581298,0.10145965631909348,-0.03585742703194228,-0.021604774601421184
12,-1,11608.332493767537,11610.060351437804,-1.7278576702665305,2,False,-1.8283057513581298,0.10145965631909348,0.03879250536101608,-0.039804080589263435
11,-3,11610.618593421534,11612.846549135314,-2.2279557137808297,1,False,-2.1941338930482743,0.04618585424373123,-0.03356825135801955,-0.046439423619233366
-5,9,11616.876758961742,11616.628576780658,0.24818218108339352,3,False,0.22499759175025247,-0.08367436257049121,0.056391267498838715,0.05046768440524829
10,-4,11622.572659785039,11624.90947033815,-2.336810553111718,1,False,-2.254561648541312,0.011122894574100428,-0.05596348439416943,-0.03740831474959805
-12,-8,11636.692345389454,11636.744961000893,-0.05261561143925064,1,False,0.12002110441426339,-0.02559522787169044,-0.0786742305158441,-0.06836725746524053
-3,10,11652.090310064907,11652.20150594529,-0.11119588038309303,2,False,-0.007785076448726613,-0.2062319354452029,0.057377177166017646,0.045443954344591475
-3,11,11654.037986726422,11654.162402474838,-0.12441574841614056,2,False,-0.007785076448726613,-0.2062319354452029,0.04959775226689089,0.04000351121112544
8,-8,11659.294535596413,11661.007971229295,-1.7134356328824651,1,False,-1.6014077984009418,0.03501365349870866,-0.0786742305158441,-0.06836725746524053
-11,4,11694.384405810524,11694.125406617852,0.2589991926724906,4,False,0.16578385143475316,0.007831301159512805,0.0441168502252367,0.0412671898507142
-9,6,11726.236751046103,11725.882122781204,0.35462826489856525,3,False,0.3258864736862961,-0.06271079529278722,0.04778940429696377,0.043663182209002116
-3,12,11733.74539673371,11733.885317592007,-0.13992085829704592,2,False,-0.007785076448726613,-0.2062319354452029,0.03997173667357856,0.03412441692489665
11,-4,11736.512025502094,11738.753345340043,-2.2413198379490495,1,False,-2.1941338930482743,0.04618585424373123,-0.05596348439416943,-0.03740831474959805
12,-3,11745.673755722897,11747.480609492912,-1.8068537700146408,1,False,-1.8283057513581298,0.10145965631909348,-0.03356825135801955,-0.046439423619233366
7,-9,11770.484911584324,11771.723063946914,-1.2381523625899717,1,False,-1.2097220632094832,0.11432122507676468,-0.07590807541009781,-0.06684344904857653
-6,9,11777.015247067555,11776.63535088782,0.3798961797347147,3,False,0.33962687026496496,-0.06658964243410992,0.056391267498838715,0.05046768440524829
9,2,11797.860681379185,11799.728278706762,-1.867597327576732,2,False,-1.914812464347051,-0.0014549756856467866,0.01813847976472971,0.03053163269134984
-10,5,11817.547786744366,11817.31701263022,0.23077411414669768,3,False,0.19675364440445264,-0.03879516111942394,0.03746743645024253,0.03534819441142645
12,-4,11871.567187803457,11873.38740569764,-1.8202178941828606,1,False,-1.8283057513581298,0.10145965631909348,-0.05596348439416943,-0.03740831474959805
6,5,11928.951292727155,11929.347725763771,-0.3964330366161448,3,False,-0.715861027986648,0.2466123605086068,0.03746743645024253,0.03534819441142645
-5,10,11964.494605832768,11964.250461472078,0.24414436068946088,3,False,0.22499759175025247,-0.08367436257049121,0.057377177166017646,0.045443954344591475
-5,11,11966.442282494283,11966.211358001627,0.23092449265641335,3,False,0.22499759175025247,-0.08367436257049121,0.04959775226689089,0.04000351121112544
7,3,11986.655441969275,11987.670067810757,-1.0146258414824842,3,False,-1.2097220632094832,0.11432122507676468,0.04279021866932453,0.037984777979318096
10,1,12017.450662228403,12019.625165856127,-2.1745036277243344,3,False,-2.254561648541312,0.011122894574100428,0.029049558099359274,0.03988556814408639
-11,-11,12032.121986992051,12032.067553962075,0.05443302997628052,2,False,0.16578385143475316,0.007831301159512805,-0.061673706104556913,-0.05750841651524752
-5,12,12046.149692501573,12045.934273118793,0.21541938277914596,3,False,0.22499759175025247,-0.08367436257049121,0.03997173667357856,0.03412441692489665
5,7,12053.705142910056,12053.478812248179,0.22633066187700024,3,False,-0.2087442588781414,0.33910438372640783,0.05285546815866837,0.043115068870292816
9,-5,12068.159042696405,12070.171695848767,-2.0126531523619633,0,False,-1.914812464347051,-0.0014549756856467866,-0.04857665789904786,-0.04780905443141137
-7,8,12123.260038238433,12122.938477139962,0.3215610984716477,3,False,0.2630735442880905,-0.0492840215151773,0.059050432704680134,0.04872114299405439
-6,10,12124.63309393858,12124.25723557924,0.37585835934078204,3,False,0.33962687026496496,-0.06658964243410992,0.057377177166017646,0.045443954344591475
-6,11,12126.580770600096,12126.218132108788,0.3626384913077345,3,False,0.33962687026496496,-0.06658964243410992,0.04959775226689089,0.04000351121112544
11,1,12131.390027945457,12133.469040858017,-2.079012912559847,3,False,-2.1941338930482743,0.04618585424373123,0.029049558099359274,0.03988556814408639
9,-6,12142.880846951748,12144.91412070806,-2.033273756311246,0,False,-1.914812464347051,-0.0014549756856467866,-0.06162698721664128,-0.055379329061452154
-6,12,12206.288180607384,12205.941047225955,0.34713338142864814,3,False,0.33962687026496496,-0.06658964243410992,0.03997173667357856,0.03412441692489665
9,-7,12207.168590997315,12209.217838155522,-2.049247158207436,0,False,-1.914812464347051,-0.0014549756856467866,-0.07083860512466345,-0.06214111304984726
-9,7,12213.722588955956,12213.363442740532,0.3591462154236069,3,False,0.3258864736862961,-0.06271079529278722,0.05285546815866837,0.043115068870292816
-12,-9,12224.299258331277,12224.347583979192,-0.0483256479146803,1,False,0.12002110441426339,-0.02559522787169044,-0.07590807541009781,-0.06684344904857653
-10,-12,12236.695607226073,12236.6119865325,0.08362069357281143,1,False,0.19675364440445264,-0.03879516111942394,-0.03775690157999634,-0.03658088813199356
8,-9,12246.901448538236,12248.610594207597,-1.7091456693615328,1,False,-1.6014077984009418,0.03501365349870866,-0.07590807541009781,-0.06684344904857653
12,1,12266.44519024682,12268.103101215616,-1.657910968795477,3,False,-1.8283057513581298,0.10145965631909348,0.029049558099359274,0.03988556814408639
7,-10,12282.62857687433,12283.858788367927,-1.2302114935973805,1,False,-1.2097220632094832,0.11432122507676468,-0.07497374051126826,-0.059836914953393716
9,-8,12285.044452034497,12287.107760962512,-2.0633089280145214,0,False,-1.914812464347051,-0.0014549756856467866,-0.0786742305158441,-0.06836725746524053
-8,8,12288.361203935221,12287.924025382961,0.4371785522598657,3,False,0.3603130414894622,-0.030906064927876287,0.059050432704680134,0.04872114299405439
6,-12,12348.099113208862,12348.642699666054,-0.5435864571918501,1,False,-0.715861027986648,0.2466123605086068,-0.03775690157999634,-0.03658088813199356
-11,5,12386.700092170659,12386.453661387202,0.24643078345616232,4,False,0.16578385143475316,0.007831301159512805,0.03746743645024253,0.03534819441142645
10,2,12438.099528626639,12440.29429726815,-2.194768641511473,3,False,-2.254561648541312,0.011122894574100428,0.01813847976472971,0.03053163269134984
-12,3,12440.469788716227,12440.294587843035,0.1752008731928072,3,False,0.12002110441426339,-0.02559522787169044,0.04279021866932453,0.037984777979318096
8,3,12463.071978923186,12464.557598071438,-1.4856191482522263,3,False,-1.6014077984009418,0.03501365349870866,0.04279021866932453,0.037984777979318096
-7,9,12505.152829556386,12504.83218108171,0.3206484746751812,3,False,0.2630735442880905,-0.0492840215151773,0.056391267498838715,0.05046768440524829
7,4,12508.774894225982,12509.784911024037,-1.0100167980544938,3,False,-1.2097220632094832,0.11432122507676468,0.0441168502252367,0.0412671898507142
11,2,12552.038894343694,12554.138172270043,-2.0992779263488046,3,False,-2.1941338930482743,0.04618585424373123,0.01813847976472971,0.03053163269134984
-8,9,12670.253995253175,12669.81772932471,0.43626592846521817,3,False,0.3603130414894622,-0.030906064927876287,0.056391267498838715,0.05046768440524829
12,2,12687.094056645057,12688.77223262764,-1.6781759825826157,3,False,-1.8283057513581298,0.10145965631909348,0.01813847976472971,0.03053163269134984
10,-5,12708.397889943859,12710.737714410156,-2.3398244662967045,1,False,-2.254561648541312,0.011122894574100428,-0.04857665789904786,-0.04780905443141137
-12,-10,12736.442923621282,12736.483308400204,-0.040384778922089026,1,False,0.12002110441426339,-0.02559522787169044,-0.07497374051126826,-0.059836914953393716
8,-10,12759.04511382824,12760.746318628608,-1.7012048003671225,1,False,-1.6014077984009418,0.03501365349870866,-0.07497374051126826,-0.059836914953393716
10,-6,12783.119694199202,12785.480139269448,-2.360445070245987,1,False,-2.254561648541312,0.011122894574100428,-0.06162698721664128,-0.055379329061452154
-11,-12,12805.847912652365,12805.748635289483,0.09927736288227607,2,False,0.16578385143475316,0.007831301159512805,-0.03775690157999634,-0.03658088813199356
11,-5,12822.337255660914,12824.581589412048,-2.244333751134036,1,False,-2.1941338930482743,0.04618585424373123,-0.04857665789904786,-0.04780905443141137
-10,6,12826.745750883078,12826.496339813288,0.24941106978985772,3,False,0.19675364440445264,-0.03879516111942394,0.04778940429696377,0.043663182209002116
7,-11,12846.51247540751,12847.727058368262,-1.214582960752523,1,False,-1.2097220632094832,0.11432122507676468,-0.061673706104556913,-0.05750841651524752
10,-7,12847.40743824477,12849.783856716911,-2.376418472140358,1,False,-2.254561648541312,0.011122894574100428,-0.07083860512466345,-0.06214111304984726
-7,10,12852.770676427413,12852.45406577313,0.31661065428306756,3,False,0.2630735442880905,-0.0492840215151773,0.057377177166017646,0.045443954344591475
-7,11,12854.718353088927,12854.414962302679,0.30339078624820104,3,False,0.2630735442880905,-0.0492840215151773,0.04959775226689089,0.04000351121112544
5,8,12866.291247411635,12866.053115711089,0.2381317005456367,3,False,-0.2087442588781414,0.33910438372640783,0.059050432704680134,0.04872114299405439
9,-9,12872.65136497632,12874.71038394081,-2.059018964489951,0,False,-1.914812464347051,-0.0014549756856467866,-0.07590807541009781,-0.06684344904857653
11,-6,12897.059059916257,12899.32401427134,-2.2649543550833187,1,False,-2.1941338930482743,0.04618585424373123,-0.06162698721664128,-0.055379329061452154
10,-8,12925.283299281951,12927.6737795239,-2.3904802419492626,1,False,-2.254561648541312,0.011122894574100428,-0.0786742305158441,-0.06836725746524053
-7,12,12934.425763096217,12934.137877419846,0.28788567637093365,3,False,0.2630735442880905,-0.0492840215151773,0.03997173667357856,0.03412441692489665
6,6,12938.149256865869,12938.52705294684,-0.3777960809711658,3,False,-0.715861027986648,0.2466123605086068,0.04778940429696377,0.043663182209002116
12,-5,12957.392417962277,12959.215649769645,-1.823231807367847,1,False,-1.8283057513581298,0.10145965631909348,-0.04857665789904786,-0.04780905443141137
-12,4,12962.589240972935,12962.409431056314,0.1798099166207976,3,False,0.12002110441426339,-0.02559522787169044,0.0441168502252367,0.0412671898507142
11,-7,12961.346803961826,12963.627731718801,-2.2809277569758706,1,False,-2.1941338930482743,0.04618585424373123,-0.07083860512466345,-0.06214111304984726
8,4,12985.191431179894,12986.672441284718,-1.481010104824236,3,False,-1.6014077984009418,0.03501365349870866,0.0441168502252367,0.0412671898507142
-8,10,13017.871842124201,13017.43961401613,0.43222810807128553,3,False,0.3603130414894622,-0.030906064927876287,0.057377177166017646,0.045443954344591475
-8,11,13019.819518785716,13019.400510545678,0.419008240038238,3,False,0.3603130414894622,-0.030906064927876287,0.04959775226689089,0.04000351121112544
-9,8,13026.308693457533,13025.937746203443,0.3709472540904244,3,False,0.3258864736862961,-0.06271079529278722,0.059050432704680134,0.04872114299405439
12,-6,13032.11422221762,13033.958074628938,-1.8438524113171297,1,False,-1.8283057513581298,0.10145965631909348,-0.06162698721664128,-0.055379329061452154
11,-8,13039.222664999006,13041.517654525791,-2.294989526784775,1,False,-2.1941338930482743,0.04618585424373123,-0.0786742305158441,-0.06836725746524053
9,3,13088.82189536127,13090.657387804653,-1.8354924433824635,2,False,-1.914812464347051,-0.0014549756856467866,0.04279021866932453,0.037984777979318096
12,-7,13096.401966263189,13098.2617920764,-1.8598258132115006,1,False,-1.8283057513581298,0.10145965631909348,-0.07083860512466345,-0.06214111304984726
-8,12,13099.526928793004,13099.123425662845,0.4035031301591516,3,False,0.3603130414894622,-0.030906064927876287,0.03997173667357856,0.03412441692489665
12,-8,13174.27782730037,13176.15171488339,-1.8738875830204051,1,False,-1.8283057513581298,0.10145965631909348,-0.0786742305158441,-0.06836725746524053
7,5,13201.090580586117,13202.113165793387,-1.0225852072708221,3,False,-1.2097220632094832,0.11432122507676468,0.03746743645024253,0.03534819441142645
5,9,13248.184038729589,13247.946819652836,0.23721907675280818,3,False,-0.2087442588781414,0.33910438372640783,0.056391267498838715,0.05046768440524829
-12,-11,13300.326822154462,13300.35157840054,-0.02475624607723148,1,False,0.12002110441426339,-0.02559522787169044,-0.061673706104556913,-0.05750841651524752
-10,7,13314.23158879293,13313.977659772618,0.2539290203130804,3,False,0.19675364440445264,-0.03879516111942394,0.05285546815866837,0.043115068870292816
8,-11,13322.929012361421,13324.614588628941,-1.685576267520446,1,False,-1.6014077984009418,0.03501365349870866,-0.061673706104556913,-0.05750841651524752
9,-10,13384.795030266327,13386.846108361822,-2.0510780954955408,0,False,-1.914812464347051,-0.0014549756856467866,-0.07497374051126826,-0.059836914953393716
-11,6,13395.898056309372,13395.63298857027,0.26506773910114134,4,False,0.16578385143475316,0.007831301159512805,0.04778940429696377,0.043663182209002116
-9,9,13408.201484775489,13407.831450145191,0.37003463029759587,3,False,0.3258864736862961,-0.06271079529278722,0.056391267498838715,0.05046768440524829
6,7,13425.635094775722,13426.008372906168,-0.3732781304461241,3,False,-0.715861027986648,0.2466123605086068,0.05285546815866837,0.043115068870292816
10,-9,13512.890212223774,13515.276402502199,-2.3861902784246922,1,False,-2.254561648541312,0.011122894574100428,-0.07590807541009781,-0.06684344904857653
5,10,13595.801885600615,13595.568704344256,0.23318125635887554,3,False,-0.2087442588781414,0.33910438372640783,0.057377177166017646,0.045443954344591475
5,11,13597.74956226213,13597.529600873804,0.219961388325828,3,False,-0.2087442588781414,0.33910438372640783,0.04959775226689089,0.04000351121112544
9,4,13610.941347617978,13612.772231017932,-1.8308833999544731,2,False,-1.914812464347051,-0.0014549756856467866,0.0441168502252367,0.0412671898507142
7,-12,13620.238401067823,13621.40813969567,-1.1697386278465274,1,False,-1.2097220632094832,0.11432122507676468,-0.03775690157999634,-0.03658088813199356
11,-9,13626.829577940829,13629.120277504093,-2.2906995632638427,1,False,-2.1941338930482743,0.04618585424373123,-0.07590807541009781,-0.06684344904857653
-12,5,13654.90492733307,13654.737685825665,0.1672415074044693,3,False,0.12002110441426339,-0.02559522787169044,0.03746743645024253,0.03534819441142645
5,12,13677.45697226942,13677.252515990973,0.20445627844674163,3,False,-0.2087442588781414,0.33910438372640783,0.03997173667357856,0.03412441692489665
8,5,13677.507117540028,13679.000696054069,-1.4935785140405642,3,False,-1.6014077984009418,0.03501365349870866,0.03746743645024253,0.03534819441142645
10,3,13729.060742608724,13731.223406366042,-2.1626637573172047,3,False,-2.254561648541312,0.011122894574100428,0.04279021866932453,0.037984777979318096
-9,10,13755.819331646513,13755.45333483661,0.36599680990366323,3,False,0.3258864736862961,-0.06271079529278722,0.057377177166017646,0.045443954344591475
-9,11,13757.76700830803,13757.414231366158,0.3527769418724347,3,False,0.3258864736862961,-0.06271079529278722,0.04959775226689089,0.04000351121112544
12,-9,13761.884740242192,13763.754337861688,-1.8695976194958348,1,False,-1.8283057513581298,0.10145965631909348,-0.07590807541009781,-0.06684344904857653
-9,12,13837.474418315318,13837.137146483326,0.3372718319915293,3,False,0.3258864736862961,-0.06271079529278722,0.03997173667357856,0.03412441692489665
11,3,13843.00010832578,13845.067281367934,-2.0671730421545362,3,False,-2.1941338930482743,0.04618585424373123,0.04279021866932453,0.037984777979318096
-11,7,13883.383894219225,13883.1143085296,0.269585689624364,4,False,0.16578385143475316,0.007831301159512805,0.05285546815866837,0.043115068870292816
9,-11,13948.678928799503,13950.714378362158,-2.035449562654321,0,False,-1.914812464347051,-0.0014549756856467866,-0.061673706104556913,-0.05750841651524752
12,3,13978.055270627143,13979.701341725531,-1.6460710983883473,3,False,-1.8283057513581298,0.10145965631909348,0.04279021866932453,0.037984777979318096
10,-10,14025.033877513779,14027.412126923211,-2.378249409432101,1,False,-2.254561648541312,0.011122894574100428,-0.07497374051126826,-0.059836914953393716
-12,-12,14074.052747814776,14074.032659727947,0.020088086828764062,1,False,0.12002110441426339,-0.02559522787169044,-0.03775690157999634,-0.03658088813199356
8,-12,14096.654938021735,14098.29566995635,-1.6407319346144504,1,False,-1.6014077984009418,0.03501365349870866,-0.03775690157999634,-0.03658088813199356
-10,8,14126.81769329451,14126.551963235526,0.26573005898353586,3,False,0.19675364440445264,-0.03879516111942394,0.059050432704680134,0.04872114299405439
11,-10,14138.973243230834,14141.256001925103,-2.2827586942694325,1,False,-2.1941338930482743,0.04618585424373123,-0.07497374051126826,-0.059836914953393716
7,6,14210.28854472483,14211.292492976456,-1.0039482516258431,3,False,-1.2097220632094832,0.11432122507676468,0.04778940429696377,0.043663182209002116
6,8,14238.2211992773,14238.582676369078,-0.36147709177930665,3,False,-0.715861027986648,0.2466123605086068,0.059050432704680134,0.04872114299405439
10,4,14251.180194865432,14253.338249579321,-2.1580547138892143,3,False,-2.254561648541312,0.011122894574100428,0.0441168502252367,0.0412671898507142
12,-10,14274.028405532197,14275.8900622827,-1.8616567505032435,1,False,-1.8283057513581298,0.10145965631909348,-0.07497374051126826,-0.059836914953393716
9,5,14303.257033978112,14305.100485787283,-1.8434518091708014,2,False,-1.914812464347051,-0.0014549756856467866,0.03746743645024253,0.03534819441142645
11,4,14365.119560582487,14367.182124581213,-2.062563998726546,3,False,-2.1941338930482743,0.04618585424373123,0.0441168502252367,0.0412671898507142
12,4,14500.17472288385,14501.81618493881,-1.641462054960357,3,False,-1.8283057513581298,0.10145965631909348,0.0441168502252367,0.0412671898507142
-10,9,14508.710484612462,14508.445667177275,0.26481743518706935,3,False,0.19675364440445264,-0.03879516111942394,0.056391267498838715,0.05046768440524829
10,-11,14588.91777604696,14591.280396923547,-2.3626208765872434,1,False,-2.254561648541312,0.011122894574100428,-0.061673706104556913,-0.05750841651524752
6,9,14620.113990595253,14620.476380310827,-0.36238971557395416,3,False,-0.715861027986648,0.2466123605086068,0.056391267498838715,0.05046768440524829
-12,6,14664.102891471783,14663.917013008733,0.18587846304944833,3,False,0.12002110441426339,-0.02559522787169044,0.04778940429696377,0.043663182209002116
8,6,14686.705081678741,14688.180023237137,-1.4749415583955852,3,False,-1.6014077984009418,0.03501365349870866,0.04778940429696377,0.043663182209002116
-11,8,14695.969998720802,14695.68861199251,0.2813867282930005,4,False,0.16578385143475316,0.007831301159512805,0.059050432704680134,0.04872114299405439
7,7,14697.774382634683,14698.773812935784,-0.9994303011008014,3,False,-1.2097220632094832,0.11432122507676468,0.05285546815866837,0.043115068870292816
11,-11,14702.857141764014,14705.124271925437,-2.267130161422756,1,False,-2.1941338930482743,0.04618585424373123,-0.061673706104556913,-0.05750841651524752
9,-12,14722.40485445982,14724.395459689566,-1.9906052297446877,0,False,-1.914812464347051,-0.0014549756856467866,-0.03775690157999634,-0.03658088813199356
12,-11,14837.912304065378,14839.758332283036,-1.846028217658386,1,False,-1.8283057513581298,0.10145965631909348,-0.061673706104556913,-0.05750841651524752
-10,10,14856.32833148349,14856.067551868695,0.2607796147949557,3,False,0.19675364440445264,-0.03879516111942394,0.057377177166017646,0.045443954344591475
-10,11,14858.276008145003,14858.028448398243,0.24755974676008918,3,False,0.19675364440445264,-0.03879516111942394,0.04959775226689089,0.04000351121112544
-10,12,14937.983418152293,14937.75136351541,0.2320546368828218,3,False,0.19675364440445264,-0.03879516111942394,0.03997173667357856,0.03412441692489665
10,5,14943.495881225566,14945.666504348672,-2.1706231231055426,3,False,-2.254561648541312,0.011122894574100428,0.03746743645024253,0.03534819441142645
6,10,14967.73183746628,14968.098265002245,-0.3664275359660678,3,False,-0.715861027986648,0.2466123605086068,0.057377177166017646,0.045443954344591475
6,11,14969.679514127794,14970.059161531794,-0.37964740399911534,3,False,-0.715861027986648,0.2466123605086068,0.04959775226689089,0.04000351121112544
6,12,15049.386924135082,15049.782076648962,-0.3951525138800207,3,False,-0.715861027986648,0.2466123605086068,0.03997173667357856,0.03412441692489665
11,5,15057.435246942621,15059.510379350564,-2.075132407942874,3,False,-2.1941338930482743,0.04618585424373123,0.03746743645024253,0.03534819441142645
-11,9,15077.862790038756,15077.582315934258,0.28047410449835297,4,False,0.16578385143475316,0.007831301159512805,0.056391267498838715,0.05046768440524829
-12,7,15151.588729381636,15151.398332968061,0.19039641357449,3,False,0.12002110441426339,-0.02559522787169044,0.05285546815866837,0.043115068870292816
8,7,15174.190919588595,15175.661343196467,-1.4704236078723625,3,False,-1.6014077984009418,0.03501365349870866,0.05285546815866837,0.043115068870292816
12,5,15192.490409243985,15194.144439708161,-1.6540304641766852,3,False,-1.8283057513581298,0.10145965631909348,0.03746743645024253,0.03534819441142645
9,6,15312.454998116824,15314.279812970351,-1.8248148535276414,2,False,-1.914812464347051,-0.0014549756856467866,0.04778940429696377,0.043663182209002116
10,-12,15362.643701707273,15364.961478250954,-2.317776543681248,1,False,-2.254561648541312,0.011122894574100428,-0.03775690157999634,-0.03658088813199356
-11,10,15425.480636909782,15425.204200625678,0.27643628410442034,4,False,0.16578385143475316,0.007831301159512805,0.057377177166017646,0.045443954344591475
-11,11,15427.428313571298,15427.165097155226,0.2632164160713728,4,False,0.16578385143475316,0.007831301159512805,0.04959775226689089,0.04000351121112544
11,-12,15476.583067424328,15478.805353252845,-2.2222858285167604,1,False,-2.1941338930482743,0.04618585424373123,-0.03775690157999634,-0.03658088813199356
-11,12,15507.135723578585,15506.888012272393,0.24771130619228643,4,False,0.16578385143475316,0.007831301159512805,0.03997173667357856,0.03412441692489665
7,8,15510.36048713626,15511.348116398694,-0.987629262433984,3,False,-1.2097220632094832,0.11432122507676468,0.059050432704680134,0.04872114299405439
12,-12,15611.638229725691,15613.439413610444,-1.8011838847523904,1,False,-1.8283057513581298,0.10145965631909348,-0.03775690157999634,-0.03658088813199356
9,7,15799.940836026677,15801.76113292968,-1.8202969030025997,2,False,-1.914812464347051,-0.0014549756856467866,0.05285546815866837,0.043115068870292816
7,9,15892.253278454215,15893.241820340443,-0.9885418862286315,3,False,-1.2097220632094832,0.11432122507676468,0.056391267498838715,0.05046768440524829
10,6,15952.69384536428,15954.84583153174,-2.1519861674605636,3,False,-2.254561648541312,0.011122894574100428,0.04778940429696377,0.043663182209002116
-12,8,15964.174833883213,15963.972636430972,0.20219745224130747,3,False,0.12002110441426339,-0.02559522787169044,0.059050432704680134,0.04872114299405439
8,8,15986.777024090172,15988.235646659376,-1.458622569203726,3,False,-1.6014077984009418,0.03501365349870866,0.059050432704680134,0.04872114299405439
11,6,16066.633211081335,16068.689706533632,-2.056495452297895,3,False,-2.1941338930482743,0.04618585424373123,0.04778940429696377,0.043663182209002116
12,6,16201.688373382698,16203.32376689123,-1.6353935085317062,3,False,-1.8283057513581298,0.10145965631909348,0.04778940429696377,0.043663182209002116
7,10,16239.87112532524,16240.863705031861,-0.9925797066207451,3,False,-1.2097220632094832,0.11432122507676468,0.057377177166017646,0.045443954344591475
7,11,16241.818801986756,16242.82460156141,-1.0057995746537927,3,False,-1.2097220632094832,0.11432122507676468,0.04959775226689089,0.04000351121112544
7,12,16321.526211994043,16322.547516678578,-1.021304684534698,3,False,-1.2097220632094832,0.11432122507676468,0.03997173667357856,0.03412441692489665
-12,9,16346.067625201167,16345.86634037272,0.20128482844665996,3,False,0.12002110441426339,-0.02559522787169044,0.056391267498838715,0.05046768440524829
8,9,16368.669815408126,16370.129350601124,-1.4595351929983735,3,False,-1.6014077984009418,0.03501365349870866,0.056391267498838715,0.05046768440524829
10,7,16440.17968327413,16442.32715149107,-2.14746821693916,3,False,-2.254561648541312,0.011122894574100428,0.05285546815866837,0.043115068870292816
11,7,16554.119048991186,16556.171026492964,-2.0519775017783104,3,False,-2.1941338930482743,0.04618585424373123,0.05285546815866837,0.043115068870292816
9,8,16612.526940528256,16614.33543639259,-1.8084958643339633,2,False,-1.914812464347051,-0.0014549756856467866,0.059050432704680134,0.04872114299405439
12,7,16689.17421129255,16690.80508685056,-1.6308755580103025,3,False,-1.8283057513581298,0.10145965631909348,0.05285546815866837,0.043115068870292816
-12,10,16693.685472072193,16693.48822506414,0.1972470080545463,3,False,0.12002110441426339,-0.02559522787169044,0.057377177166017646,0.045443954344591475
-12,11,16695.63314873371,16695.449121593687,0.18402714002149878,3,False,0.12002110441426339,-0.02559522787169044,0.04959775226689089,0.04000351121112544
8,10,16716.287662279152,16717.751235292544,-1.4635730133923062,3,False,-1.6014077984009418,0.03501365349870866,0.057377177166017646,0.045443954344591475
8,11,16718.235338940667,16719.712131822092,-1.4767928814253537,3,False,-1.6014077984009418,0.03501365349870866,0.04959775226689089,0.04000351121112544
-12,12,16775.340558740994,16775.172036710854,0.16852203014059342,3,False,0.12002110441426339,-0.02559522787169044,0.03997173667357856,0.03412441692489665
8,12,16797.942748947953,16799.43504693926,-1.492297991306259,3,False,-1.6014077984009418,0.03501365349870866,0.03997173667357856,0.03412441692489665
9,9,16994.41973184621,16996.22914033434,-1.8094084881304298,2,False,-1.914812464347051,-0.0014549756856467866,0.056391267498838715,0.05046768440524829
10,8,17252.76578777571,17254.90145495398,-2.1356671782705234,3,False,-2.254561648541312,0.011122894574100428,0.059050432704680134,0.04872114299405439
9,10,17342.037578717238,17343.851025025757,-1.8134463085189054,2,False,-1.914812464347051,-0.0014549756856467866,0.057377177166017646,0.045443954344591475
9,11,17343.985255378753,17345.811921555305,-1.826666176551953,2,False,-1.914812464347051,-0.0014549756856467866,0.04959775226689089,0.04000351121112544
11,8,17366.705153492767,17368.74532995587,-2.040176463102398,3,False,-2.1941338930482743,0.04618585424373123,0.059050432704680134,0.04872114299405439
9,12,17423.69266538604,17425.534836672472,-1.8421712864328583,2,False,-1.914812464347051,-0.0014549756856467866,0.03997173667357856,0.03412441692489665
12,8,17501.760315794127,17503.37939031347,-1.619074519341666,3,False,-1.8283057513581298,0.10145965631909348,0.059050432704680134,0.04872114299405439
10,9,17634.658579093666,17636.79515889573,-2.136579802063352,3,False,-2.254561648541312,0.011122894574100428,0.056391267498838715,0.05046768440524829
11,9,17748.59794481072,17750.63903389762,-2.0410890868988645,3,False,-2.1941338930482743,0.04618585424373123,0.056391267498838715,0.05046768440524829
12,9,17883.653107112084,17885.273094255215,-1.6199871431308566,3,False,-1.8283057513581298,0.10145965631909348,0.056391267498838715,0.05046768440524829
10,10,17982.27642596469,17984.417043587146,-2.1406176224554656,3,False,-2.254561648541312,0.011122894574100428,0.057377177166017646,0.045443954344591475
10,11,17984.224102626205,17986.377940116694,-2.153837490488513,3,False,-2.254561648541312,0.011122894574100428,0.04959775226689089,0.04000351121112544
10,12,18063.93151263349,18066.10085523386,-2.1693426003694185,3,False,-2.254561648541312,0.011122894574100428,0.03997173667357856,0.03412441692489665
11,10,18096.215791681745,18098.26091858904,-2.045126907294616,3,False,-2.1941338930482743,0.04618585424373123,0.057377177166017646,0.045443954344591475
11,11,18098.16346834326,18100.221815118588,-2.0583467753276636,3,False,-2.1941338930482743,0.04618585424373123,0.04959775226689089,0.04000351121112544
11,12,18177.870878350546,18179.944730235755,-2.073851885208569,3,False,-2.1941338930482743,0.04618585424373123,0.03997173667357856,0.03412441692489665
12,10,18231.27095398311,18232.894978946635,-1.6240249635266082,3,False,-1.8283057513581298,0.10145965631909348,0.057377177166017646,0.045443954344591475
12,11,18233.218630644624,18234.855875476183,-1.6372448315596557,3,False,-1.8283057513581298,0.10145965631909348,0.04959775226689089,0.04000351121112544
12,12,18312.92604065191,18314.57879059335,-1.652749941440561,3,False,-1.8283057513581298,0.10145965631909348,0.03997173667357856,0.03412441692489665
